direction,entry,sl,sl_orig,tp,lot,rr,entry_time,reason,exit,exit_time,pnl,cost,result
buy,2388.67,2388.9500000000003,2343.01,2502.81,0.005,2.5,2024-07-05 19:45:00,HTF bullish | sellside_sweep @ 2361.77 | BOS LTF | entry FVG,2446.079,2024-07-16 13:30:00,25.376900000000056,3.3276000000000003,PARTIAL
buy,2388.67,2388.9500000000003,2343.01,2502.81,0.015,2.5,2024-07-05 19:45:00,HTF bullish | sellside_sweep @ 2361.77 | BOS LTF | entry FVG,2388.9500000000003,2024-07-22 12:30:00,-15.447599999999698,15.867599999999998,SL/BE
sell,2397.68,2401.14,2401.14,2389.01,0.33,2.5,2024-07-23 07:45:00,HTF bearish | buyside_sweep @ 2396.39 | CHOCH LTF | entry OB,2401.14,2024-07-23 08:30:00,-123.42000000000121,9.24,SL/BE
sell,2380.87,2380.5899999999997,2399.71,2333.77,0.015,2.5,2024-07-25 10:45:00,HTF bearish | buyside_sweep @ 2396.39 | BOS LTF | entry FVG,2354.56,2024-07-25 17:15:00,39.044999999999916,0.42000000000000004,PARTIAL
sell,2380.87,2380.5899999999997,2399.71,2333.77,0.045,2.5,2024-07-25 10:45:00,HTF bearish | buyside_sweep @ 2396.39 | BOS LTF | entry FVG,2380.5899999999997,2024-07-26 13:30:00,9.00390872971002e-13,1.26,SL/BE
sell,2388.91,2393.66,2393.66,2377.02,0.24,2.5,2024-07-29 12:15:00,HTF bearish | buyside_sweep @ 2390.80 | CHOCH LTF | entry OB,2393.66,2024-07-29 12:45:00,-120.71999999999998,6.720000000000001,SL/BE
sell,2383.29,2397.38,2397.38,2348.05,0.08,2.5,2024-07-29 17:30:00,HTF bearish | buyside_sweep @ 2395.37 | BOS LTF | entry FVG,2397.38,2024-07-30 13:30:00,-114.96000000000117,2.24,SL/BE
buy,2418.36,2407.38,2407.38,2445.79,0.025,2.5,2024-07-31 06:15:00,HTF bullish | sellside_sweep @ 2409.75 | BOS LTF | entry FVG,2432.302,2024-07-31 18:30:00,34.155000000000015,0.7000000000000001,PARTIAL
buy,2418.36,2418.6400000000003,2407.38,2445.79,0.07500000000000001,2.5,2024-07-31 06:15:00,HTF bullish | sellside_sweep @ 2409.75 | BOS LTF | entry FVG,2445.79,2024-07-31 19:30:00,203.62499999999878,2.1000000000000005,TP
buy,2438.31,2433.52,2433.52,2450.28,0.23,2.5,2024-08-02 01:00:00,HTF bullish | sellside_sweep @ 2437.26 | CHOCH LTF | entry FVG,2450.28,2024-08-02 01:00:00,268.87000000000586,6.440000000000001,TP
buy,2462.41,2433.37,2433.37,2534.99,0.04,2.5,2024-08-02 07:00:00,HTF bullish | sellside_sweep @ 2441.72 | BOS LTF | entry FVG,2433.37,2024-08-02 14:45:00,-117.27999999999987,1.12,SL/BE
buy,2435.59,2412.27,2412.27,2493.88,0.04,2.5,2024-08-05 07:45:00,HTF bullish | sellside_sweep @ 2425.59 | CHOCH LTF | entry FVG,2412.27,2024-08-05 10:45:00,-94.40000000000066,1.12,SL/BE
buy,2471.81,2472.09,2451.1,2523.58,0.0125,2.5,2024-08-16 12:15:00,HTF bullish | sellside_sweep @ 2453.40 | BOS LTF | entry FVG,2499.258,2024-08-16 17:15:00,33.95999999999983,0.35000000000000003,PARTIAL
buy,2471.81,2472.09,2451.1,2523.58,0.037500000000000006,2.5,2024-08-16 12:15:00,HTF bullish | sellside_sweep @ 2453.40 | BOS LTF | entry FVG,2523.58,2024-08-20 09:00:00,185.73149999999995,8.406,TP
buy,2514.29,2497.84,2497.84,2555.43,0.07,2.5,2024-08-20 15:00:00,HTF bullish | sellside_sweep @ 2500.66 | CHOCH LTF | entry FVG,2497.84,2024-08-21 14:00:00,-127.40839999999872,12.258400000000002,SL/BE
buy,2515.18,2492.17,2492.17,2572.68,0.05,2.5,2024-08-21 18:30:00,HTF bullish | sellside_sweep @ 2504.42 | CHOCH LTF | entry FVG,2492.17,2024-08-22 13:15:00,-118.90199999999884,3.8520000000000003,SL/BE
sell,2517.95,2517.6699999999996,2524.31,2502.06,0.045,2.5,2024-08-26 14:30:00,HTF bearish | buyside_sweep @ 2518.35 | CHOCH LTF | entry FVG,2509.763,2024-08-27 01:45:00,35.581499999999544,1.26,PARTIAL
sell,2517.95,2517.6699999999996,2524.31,2502.06,0.135,2.5,2024-08-26 14:30:00,HTF bearish | buyside_sweep @ 2518.35 | CHOCH LTF | entry FVG,2517.6699999999996,2024-08-27 14:00:00,2.7005064850982308e-12,3.7800000000000007,SL/BE
sell,2509.68,2523.68,2523.68,2474.68,0.08,2.5,2024-08-28 07:00:00,HTF bearish | buyside_sweep @ 2520.97 | CHOCH LTF | entry FVG,2523.68,2024-08-29 09:45:00,-114.24000000000001,2.24,SL/BE
sell,2492.18,2498.76,2498.76,2475.73,0.17,2.5,2024-09-03 12:00:00,HTF bearish | buyside_sweep @ 2496.95 | CHOCH LTF | entry FVG,2498.76,2024-09-03 12:00:00,-116.62000000000651,4.760000000000001,SL/BE
buy,2519.75,2514.02,2514.02,2534.08,0.19,2.5,2024-09-06 06:30:00,HTF bullish | sellside_sweep @ 2515.67 | CHOCH LTF | entry FVG,2514.02,2024-09-06 12:00:00,-114.19000000000037,5.32,SL/BE
buy,2505.78,2502.19,2502.19,2514.76,0.075,2.5,2024-09-10 10:30:00,HTF bullish | sellside_sweep @ 2505.64 | CHOCH LTF | entry FVG,2510.41,2024-09-10 12:30:00,32.62499999999741,2.1,PARTIAL
buy,2505.78,2506.0600000000004,2502.19,2514.76,0.22499999999999998,2.5,2024-09-10 10:30:00,HTF bullish | sellside_sweep @ 2505.64 | CHOCH LTF | entry FVG,2514.76,2024-09-10 13:00:00,195.75000000000037,6.3,TP
buy,2582.84,2577.0,2577.0,2597.42,0.19,2.5,2024-09-16 13:15:00,HTF bullish | sellside_sweep @ 2584.86 | CHOCH LTF | entry OB,2577.0,2024-09-16 14:30:00,-116.28000000000276,5.32,SL/BE
buy,2582.02,2578.12,2578.12,2591.77,0.28,2.5,2024-09-17 08:00:00,HTF bullish | sellside_sweep @ 2582.12 | CHOCH LTF | entry FVG,2578.12,2024-09-17 08:45:00,-117.04000000000256,7.840000000000001,SL/BE
buy,2575.1,2569.43,2569.43,2589.29,0.19,2.5,2024-09-18 11:00:00,HTF bullish | sellside_sweep @ 2571.47 | CHOCH LTF | entry FVG,2569.43,2024-09-18 13:45:00,-113.0500000000014,5.32,SL/BE
sell,2574.76,2579.01,2579.01,2567.93,0.25,1.61,2024-09-18 16:45:00,HTF bearish | buyside_sweep @ 2576.48 | CHOCH LTF | entry FVG,2567.93,2024-09-18 17:45:00,163.75000000000955,7.000000000000001,TP
buy,2609.16,2609.44,2583.61,2673.02,0.01,2.5,2024-09-20 09:00:00,HTF bullish | sellside_sweep @ 2585.88 | CHOCH LTF | entry FVG,2643.609,2024-09-24 14:45:00,32.20740000000007,2.2416,PARTIAL
buy,2609.16,2609.44,2583.61,2673.02,0.03,2.5,2024-09-20 09:00:00,HTF bullish | sellside_sweep @ 2585.88 | CHOCH LTF | entry FVG,2673.02,2024-09-26 10:15:00,178.97040000000038,12.609599999999999,TP
buy,2673.09,2657.96,2657.96,2710.93,0.07,2.5,2024-09-26 19:30:00,HTF bullish | sellside_sweep @ 2666.87 | CHOCH LTF | entry FVG,2657.96,2024-09-27 14:15:00,-111.30280000000076,5.3928,SL/BE
buy,2656.63,2653.19,2653.19,2666.05,0.32,2.74,2024-09-30 06:15:00,HTF bullish | sellside_sweep @ 2660.89 | BOS LTF | entry OB,2653.19,2024-09-30 07:45:00,-119.04000000000175,8.96,SL/BE
sell,2630.29,2658.09,2658.09,2560.8,0.04,2.5,2024-09-30 18:30:00,HTF bearish | buyside_sweep @ 2655.28 | CHOCH LTF | entry FVG,2658.09,2024-10-01 13:30:00,-112.32000000000073,1.12,SL/BE
sell,2648.5,2664.82,2664.82,2607.7,0.06,2.5,2024-10-02 15:30:00,HTF bearish | buyside_sweep @ 2662.02 | CHOCH LTF | entry FVG,2664.82,2024-10-04 04:30:00,-99.60000000000099,1.6800000000000002,SL/BE
sell,2617.46,2617.18,2623.59,2604.69,0.0425,2.08,2024-10-09 09:15:00,HTF bearish | buyside_sweep @ 2620.40 | CHOCH LTF | entry FVG,2609.621,2024-10-09 13:30:00,32.125749999999755,1.1900000000000002,PARTIAL
sell,2617.46,2617.18,2623.59,2604.69,0.1275,2.08,2024-10-09 09:15:00,HTF bearish | buyside_sweep @ 2620.40 | CHOCH LTF | entry FVG,2617.18,2024-10-09 15:15:00,2.5508484213787597e-12,3.5700000000000003,SL/BE
sell,2612.66,2616.38,2616.38,2603.38,0.29,2.5,2024-10-10 07:15:00,HTF bearish | buyside_sweep @ 2612.49 | CHOCH LTF | entry FVG,2616.38,2024-10-10 07:30:00,-116.00000000000738,8.120000000000001,SL/BE
sell,2620.09,2626.03,2626.03,2605.23,0.18,2.5,2024-10-10 17:15:00,HTF bearish | buyside_sweep @ 2622.46 | CHOCH LTF | entry FVG,2626.03,2024-10-10 17:30:00,-111.96000000000097,5.04,SL/BE
sell,2639.08,2643.14,2643.14,2628.93,0.26,2.5,2024-10-11 10:30:00,HTF bearish | buyside_sweep @ 2636.03 | CHOCH LTF | entry OB,2643.14,2024-10-11 11:45:00,-112.83999999999858,7.28,SL/BE
buy,2657.97,2642.06,2642.06,2697.73,0.06,2.5,2024-10-14 09:30:00,HTF bullish | sellside_sweep @ 2645.11 | CHOCH LTF | entry FVG,2642.06,2024-10-15 05:00:00,-100.08239999999913,4.6224,SL/BE
buy,2652.92,2653.2000000000003,2641.41,2681.67,0.0225,2.5,2024-10-15 08:45:00,HTF bullish | sellside_sweep @ 2643.07 | CHOCH LTF | entry OB,2668.083,2024-10-15 16:00:00,33.48675000000002,0.63,PARTIAL
buy,2652.92,2653.2000000000003,2641.41,2681.67,0.0675,2.5,2024-10-15 08:45:00,HTF bullish | sellside_sweep @ 2643.07 | CHOCH LTF | entry OB,2681.67,2024-10-16 09:00:00,182.2419,11.8206,TP
buy,2682.42,2677.16,2677.16,2695.58,0.2,2.5,2024-10-17 11:45:00,HTF bullish | sellside_sweep @ 2678.88 | CHOCH LTF | entry FVG,2677.16,2024-10-17 12:15:00,-110.80000000000437,5.6000000000000005,SL/BE
buy,2748.98,2749.26,2742.21,2765.9,0.0375,2.5,2024-10-23 06:30:00,HTF bullish | sellside_sweep @ 2743.83 | CHOCH LTF | entry FVG,2757.716,2024-10-23 08:30:00,31.709999999999535,1.05,PARTIAL
buy,2748.98,2749.26,2742.21,2765.9,0.11249999999999999,2.5,2024-10-23 06:30:00,HTF bullish | sellside_sweep @ 2743.83 | CHOCH LTF | entry FVG,2749.26,2024-10-23 11:00:00,2.2510882047299674e-12,3.15,SL/BE
buy,2729.91,2722.87,2722.87,2747.5,0.15,2.5,2024-10-25 07:00:00,HTF bullish | sellside_sweep @ 2725.76 | BOS LTF | entry FVG,2722.87,2024-10-25 08:15:00,-109.79999999999946,4.2,SL/BE
buy,2728.47,2728.75,2720.8,2747.65,0.0325,2.5,2024-10-25 13:00:00,HTF bullish | sellside_sweep @ 2724.96 | CHOCH LTF | entry FVG,2738.675,2024-10-25 14:30:00,32.256250000001245,0.91,PARTIAL
buy,2728.47,2728.75,2720.8,2747.65,0.0975,2.5,2024-10-25 13:00:00,HTF bullish | sellside_sweep @ 2724.96 | CHOCH LTF | entry FVG,2747.65,2024-10-25 20:45:00,184.27500000000285,2.7300000000000004,TP
buy,2734.41,2734.69,2726.22,2754.89,0.0325,2.5,2024-10-28 08:30:00,HTF bullish | sellside_sweep @ 2730.34 | CHOCH LTF | entry OB,2745.401,2024-10-29 00:30:00,33.216949999999954,2.5038,PARTIAL
buy,2734.41,2734.69,2726.22,2754.89,0.0975,2.5,2024-10-28 08:30:00,HTF bullish | sellside_sweep @ 2730.34 | CHOCH LTF | entry OB,2754.89,2024-10-29 02:00:00,192.16860000000017,7.5114,TP
buy,2753.41,2744.77,2744.77,2775.02,0.03,2.5,2024-10-29 13:30:00,HTF bullish | sellside_sweep @ 2748.90 | BOS LTF | entry OB,2766.143,2024-10-29 14:00:00,37.35900000000052,0.8400000000000001,PARTIAL
buy,2753.41,2753.69,2744.77,2775.02,0.09,2.5,2024-10-29 13:30:00,HTF bullish | sellside_sweep @ 2748.90 | BOS LTF | entry OB,2775.02,2024-10-29 22:15:00,191.97000000000114,2.52,TP
buy,2780.79,2777.31,2777.31,2786.53,0.32,1.65,2024-10-30 13:15:00,HTF bullish | sellside_sweep @ 2779.53 | CHOCH LTF | entry FVG,2786.53,2024-10-30 13:15:00,174.72000000000756,8.96,TP
buy,2754.76,2745.67,2745.67,2777.5,0.12,2.5,2024-11-01 06:15:00,HTF bullish | sellside_sweep @ 2747.38 | BOS LTF | entry FVG,2745.67,2024-11-01 10:30:00,-112.44000000000173,3.3600000000000003,SL/BE
sell,2720.8,2749.91,2749.91,2648.0,0.0075,2.5,2024-11-06 09:45:00,HTF bearish | buyside_sweep @ 2746.43 | BOS LTF | entry FVG,2682.328,2024-11-06 13:00:00,28.64400000000015,0.21000000000000002,PARTIAL
sell,2720.8,2720.52,2749.91,2648.0,0.0225,2.5,2024-11-06 09:45:00,HTF bearish | buyside_sweep @ 2746.43 | BOS LTF | entry FVG,2648.0,2024-11-07 01:15:00,163.1700000000004,0.63,TP
sell,2691.93,2691.6499999999996,2704.39,2660.8,0.0225,2.5,2024-11-08 11:30:00,HTF bearish | buyside_sweep @ 2700.28 | BOS LTF | entry FVG,2675.691,2024-11-11 01:15:00,35.90775000000007,0.63,PARTIAL
sell,2691.93,2691.6499999999996,2704.39,2660.8,0.0675,2.5,2024-11-08 11:30:00,HTF bearish | buyside_sweep @ 2700.28 | BOS LTF | entry FVG,2660.8,2024-11-11 11:00:00,208.23749999999768,1.8900000000000003,TP
sell,2594.75,2604.15,2604.15,2571.27,0.12,2.5,2024-11-12 17:30:00,HTF bearish | buyside_sweep @ 2599.21 | CHOCH LTF | entry FVG,2604.15,2024-11-13 01:00:00,-116.16000000000108,3.3600000000000003,SL/BE
sell,2561.87,2578.03,2578.03,2521.49,0.07,2.5,2024-11-15 06:45:00,HTF bearish | buyside_sweep @ 2573.44 | BOS LTF | entry FVG,2578.03,2024-11-18 01:00:00,-115.08000000000217,1.9600000000000002,SL/BE
buy,2627.95,2623.82,2623.82,2639.43,0.0675,2.78,2024-11-20 12:15:00,HTF bullish | sellside_sweep @ 2630.55 | CHOCH LTF | entry FVG,2634.467,2024-11-20 13:00:00,42.09975000000189,1.8900000000000003,PARTIAL
buy,2627.95,2628.23,2623.82,2639.43,0.2025,2.78,2024-11-20 12:15:00,HTF bullish | sellside_sweep @ 2630.55 | CHOCH LTF | entry FVG,2639.43,2024-11-20 13:15:00,226.8000000000004,5.670000000000001,TP
buy,2658.96,2659.2400000000002,2648.86,2684.23,0.0275,2.5,2024-11-21 06:30:00,HTF bullish | sellside_sweep @ 2651.81 | BOS LTF | entry FVG,2672.994,2024-11-21 11:15:00,37.82350000000029,0.7700000000000001,PARTIAL
buy,2658.96,2659.2400000000002,2648.86,2684.23,0.0825,2.5,2024-11-21 06:30:00,HTF bullish | sellside_sweep @ 2651.81 | BOS LTF | entry FVG,2684.23,2024-11-22 02:30:00,202.1216999999999,6.3558,TP
buy,2701.01,2701.2900000000004,2693.83,2718.94,0.04,2.5,2024-11-22 16:15:00,HTF bullish | sellside_sweep @ 2696.99 | CHOCH LTF | entry FVG,2710.778,2024-11-22 18:45:00,37.9519999999983,1.12,PARTIAL
buy,2701.01,2701.2900000000004,2693.83,2718.94,0.12,2.5,2024-11-22 16:15:00,HTF bullish | sellside_sweep @ 2696.99 | CHOCH LTF | entry FVG,2718.94,2024-11-24 23:30:00,200.030399999998,15.1296,TP
sell,2624.37,2631.0,2631.0,2607.78,0.18,2.5,2024-11-26 09:30:00,HTF bearish | buyside_sweep @ 2628.74 | CHOCH LTF | entry FVG,2631.0,2024-11-26 10:30:00,-124.38000000000196,5.04,SL/BE
sell,2644.53,2655.08,2655.08,2618.15,0.0275,2.5,2024-11-27 15:45:00,HTF bearish | buyside_sweep @ 2649.97 | CHOCH LTF | entry FVG,2627.967,2024-11-28 01:00:00,44.77825000000028,0.7700000000000001,PARTIAL
sell,2644.53,2644.25,2655.08,2618.15,0.0825,2.5,2024-11-27 15:45:00,HTF bearish | buyside_sweep @ 2649.97 | CHOCH LTF | entry FVG,2644.25,2024-11-28 08:45:00,1.6511236822225328e-12,2.31,SL/BE
buy,2662.79,2632.47,2632.47,2738.58,0.04,2.5,2024-11-29 10:15:00,HTF bullish | sellside_sweep @ 2634.73 | BOS LTF | entry FVG,2632.47,2024-12-02 00:30:00,-128.28480000000064,7.0048,SL/BE
buy,2628.8,2620.32,2620.32,2649.99,0.035,2.5,2024-12-02 07:15:00,HTF bullish | sellside_sweep @ 2624.03 | CHOCH LTF | entry OB,2639.744,2024-12-02 11:00:00,37.32399999999987,0.9800000000000001,PARTIAL
buy,2628.8,2629.0800000000004,2620.32,2649.99,0.10500000000000001,2.5,2024-12-02 07:15:00,HTF bullish | sellside_sweep @ 2624.03 | CHOCH LTF | entry OB,2649.99,2024-12-02 14:00:00,219.5549999999958,2.9400000000000004,TP
buy,2641.18,2632.53,2632.53,2662.82,0.035,2.5,2024-12-03 08:00:00,HTF bullish | sellside_sweep @ 2634.73 | CHOCH LTF | entry FVG,2652.836,2024-12-03 13:45:00,39.81599999999983,0.9800000000000001,PARTIAL
buy,2641.18,2641.46,2632.53,2662.82,0.10500000000000001,2.5,2024-12-03 08:00:00,HTF bullish | sellside_sweep @ 2634.73 | CHOCH LTF | entry FVG,2641.46,2024-12-03 15:00:00,2.1009860518006462e-12,2.9400000000000004,SL/BE
buy,2645.63,2636.66,2636.66,2668.04,0.13,2.5,2024-12-03 17:15:00,HTF bullish | sellside_sweep @ 2639.17 | CHOCH LTF | entry FVG,2636.66,2024-12-04 08:30:00,-139.37560000000332,22.765600000000003,SL/BE
buy,2644.28,2637.73,2637.73,2660.65,0.18,2.5,2024-12-04 11:15:00,HTF bullish | sellside_sweep @ 2641.13 | BOS LTF | entry FVG,2637.73,2024-12-04 12:45:00,-122.94000000000328,5.04,SL/BE
buy,2661.38,2661.6600000000003,2645.02,2702.28,0.0175,2.5,2024-12-09 19:00:00,HTF bullish | sellside_sweep @ 2648.07 | BOS LTF | entry FVG,2682.246,2024-12-10 14:00:00,35.16729999999998,1.3482,PARTIAL
buy,2661.38,2661.6600000000003,2645.02,2702.28,0.052500000000000005,2.5,2024-12-09 19:00:00,HTF bullish | sellside_sweep @ 2648.07 | BOS LTF | entry FVG,2702.28,2024-12-11 01:15:00,202.9566000000005,11.768400000000002,TP
buy,2691.28,2684.8,2684.8,2707.5,0.0475,2.5,2024-12-11 13:15:00,HTF bullish | sellside_sweep @ 2688.07 | CHOCH LTF | entry OB,2700.217,2024-12-11 13:30:00,41.12074999999952,1.33,PARTIAL
buy,2691.28,2691.5600000000004,2684.8,2707.5,0.14250000000000002,2.5,2024-12-11 13:15:00,HTF bullish | sellside_sweep @ 2688.07 | CHOCH LTF | entry OB,2707.5,2024-12-11 15:00:00,227.14499999999714,3.9900000000000007,TP
buy,2685.23,2680.5,2680.5,2697.08,0.26,2.5,2024-12-13 07:15:00,HTF bullish | sellside_sweep @ 2682.79 | CHOCH LTF | entry FVG,2680.5,2024-12-13 08:45:00,-130.26000000000047,7.28,SL/BE
sell,2644.87,2648.81,2648.81,2635.01,0.31,2.5,2024-12-18 07:45:00,HTF bearish | buyside_sweep @ 2646.96 | BOS LTF | entry OB,2648.81,2024-12-18 08:45:00,-130.8200000000017,8.68,SL/BE
sell,2646.07,2649.4,2649.4,2637.75,0.0925,2.5,2024-12-18 13:15:00,HTF bearish | buyside_sweep @ 2647.38 | CHOCH LTF | entry OB,2641.454,2024-12-18 14:00:00,40.10799999999986,2.5900000000000003,PARTIAL
sell,2646.07,2645.79,2649.4,2637.75,0.27749999999999997,2.5,2024-12-18 13:15:00,HTF bearish | buyside_sweep @ 2647.38 | CHOCH LTF | entry OB,2637.75,2024-12-18 14:30:00,223.1100000000045,7.7700000000000005,TP
sell,2602.33,2605.84,2605.84,2593.55,0.36,2.5,2024-12-20 11:30:00,HTF bearish | buyside_sweep @ 2604.03 | CHOCH LTF | entry FVG,2605.84,2024-12-20 12:15:00,-136.44000000000784,10.08,SL/BE
sell,2617.84,2620.89,2620.89,2610.23,0.1025,2.5,2024-12-24 10:15:00,HTF bearish | buyside_sweep @ 2617.08 | CHOCH LTF | entry OB,2613.179,2024-12-24 11:15:00,44.9052500000006,2.87,PARTIAL
sell,2617.84,2617.56,2620.89,2610.23,0.3075,2.5,2024-12-24 10:15:00,HTF bearish | buyside_sweep @ 2617.08 | CHOCH LTF | entry OB,2610.23,2024-12-24 14:45:00,225.3975000000039,8.610000000000001,TP
buy,2629.07,2629.3500000000004,2623.12,2643.95,0.21,2.5,2024-12-26 17:15:00,HTF bullish | sellside_sweep @ 2625.72 | CHOCH LTF | entry FVG,2629.3500000000004,2024-12-26 23:00:00,4.200195746761892e-12,5.880000000000001,SL/BE
buy,2633.75,2629.75,2629.75,2643.75,0.32,2.5,2024-12-27 07:45:00,HTF bullish | sellside_sweep @ 2631.99 | CHOCH LTF | entry FVG,2629.75,2024-12-27 08:00:00,-136.96,8.96,SL/BE
buy,2627.5,2624.49,2624.49,2633.24,0.42,1.9,2024-12-27 12:45:00,HTF bullish | sellside_sweep @ 2628.89 | CHOCH LTF | entry OB,2624.49,2024-12-27 13:00:00,-138.18000000000916,11.760000000000002,SL/BE
buy,2613.06,2609.02,2609.02,2623.17,0.31,2.5,2024-12-30 13:30:00,HTF bullish | sellside_sweep @ 2614.12 | CHOCH LTF | entry OB,2609.02,2024-12-30 13:45:00,-133.91999999999885,8.68,SL/BE
buy,2635.15,2635.4300000000003,2622.31,2667.24,0.0225,2.5,2025-01-02 10:00:00,HTF bullish | sellside_sweep @ 2628.89 | BOS LTF | entry OB,2651.957,2025-01-02 15:30:00,37.18574999999952,0.63,PARTIAL
buy,2635.15,2635.4300000000003,2622.31,2667.24,0.0675,2.5,2025-01-02 10:00:00,HTF bullish | sellside_sweep @ 2628.89 | BOS LTF | entry OB,2635.4300000000003,2025-01-06 04:15:00,-13.24079999999865,15.1308,SL/BE
buy,2638.15,2621.13,2621.13,2680.71,0.0175,2.5,2025-01-06 17:15:00,HTF bullish | sellside_sweep @ 2625.06 | CHOCH LTF | entry FVG,2660.48,2025-01-07 13:15:00,37.729299999999874,1.3482,PARTIAL
buy,2638.15,2638.4300000000003,2621.13,2680.71,0.052500000000000005,2.5,2025-01-06 17:15:00,HTF bullish | sellside_sweep @ 2625.06 | CHOCH LTF | entry FVG,2680.71,2025-01-10 09:15:00,206.52239999999972,16.9176,TP
buy,2671.72,2661.57,2661.57,2697.11,0.12,2.5,2025-01-14 08:45:00,HTF bullish | sellside_sweep @ 2663.69 | CHOCH LTF | entry FVG,2661.57,2025-01-14 13:30:00,-125.15999999999562,3.3600000000000003,SL/BE
buy,2700.25,2693.72,2693.72,2716.56,0.0475,2.5,2025-01-16 12:45:00,HTF bullish | sellside_sweep @ 2695.25 | BOS LTF | entry OB,2710.228,2025-01-16 13:15:00,46.06550000000031,1.33,PARTIAL
buy,2700.25,2700.53,2693.72,2716.56,0.14250000000000002,2.5,2025-01-16 12:45:00,HTF bullish | sellside_sweep @ 2695.25 | BOS LTF | entry OB,2716.56,2025-01-16 13:45:00,228.4274999999992,3.9900000000000007,TP
buy,2711.47,2701.23,2701.23,2737.07,0.12,2.5,2025-01-17 15:15:00,HTF bullish | sellside_sweep @ 2702.77 | CHOCH LTF | entry FVG,2701.23,2025-01-17 20:00:00,-126.23999999999737,3.3600000000000003,SL/BE
buy,2705.07,2705.3500000000004,2695.95,2727.87,0.035,2.5,2025-01-20 07:30:00,HTF bullish | sellside_sweep @ 2699.24 | CHOCH LTF | entry FVG,2718.105,2025-01-21 01:45:00,42.926099999999494,2.6964,PARTIAL
buy,2705.07,2705.3500000000004,2695.95,2727.87,0.10500000000000001,2.5,2025-01-20 07:30:00,HTF bullish | sellside_sweep @ 2699.24 | CHOCH LTF | entry FVG,2727.87,2025-01-21 05:00:00,231.31079999999716,8.089200000000002,TP
buy,2727.08,2727.36,2701.67,2790.6,0.0125,2.5,2025-01-21 07:30:00,HTF bullish | sellside_sweep @ 2706.59 | BOS LTF | entry OB,2761.753,2025-01-22 09:15:00,41.152250000000286,2.189,PARTIAL
buy,2727.08,2727.36,2701.67,2790.6,0.037500000000000006,2.5,2025-01-21 07:30:00,HTF bullish | sellside_sweep @ 2706.59 | BOS LTF | entry OB,2790.6,2025-01-30 15:15:00,213.24299999999997,24.957000000000004,TP
buy,2795.72,2796.0,2790.67,2808.35,0.065,2.5,2025-01-31 08:15:00,HTF bullish | sellside_sweep @ 2794.43 | CHOCH LTF | entry OB,2805.298,2025-01-31 12:15:00,60.43699999999984,1.82,PARTIAL
buy,2795.72,2796.0,2790.67,2808.35,0.195,2.5,2025-01-31 08:15:00,HTF bullish | sellside_sweep @ 2794.43 | CHOCH LTF | entry OB,2808.35,2025-01-31 13:30:00,240.82500000000212,5.460000000000001,TP
buy,2812.25,2789.5,2789.5,2869.13,0.06,2.5,2025-01-31 15:15:00,HTF bullish | sellside_sweep @ 2791.68 | BOS LTF | entry FVG,2789.5,2025-02-02 23:15:00,-144.0648,7.5648,SL/BE
buy,2813.32,2799.3,2799.3,2848.38,0.0225,2.5,2025-02-03 21:30:00,HTF bullish | sellside_sweep @ 2802.92 | BOS LTF | entry FVG,2835.157,2025-02-04 13:15:00,47.39984999999997,1.7334,PARTIAL
buy,2813.32,2813.6000000000004,2799.3,2848.38,0.0675,2.5,2025-02-03 21:30:00,HTF bullish | sellside_sweep @ 2802.92 | BOS LTF | entry FVG,2848.38,2025-02-05 01:00:00,221.52419999999967,15.1308,TP
buy,2857.94,2858.2200000000003,2838.19,2907.33,0.07,2.5,2025-02-05 06:15:00,HTF bullish | sellside_sweep @ 2840.38 | BOS LTF | entry FVG,2858.2200000000003,2025-02-06 06:45:00,-3.4327999999985996,5.3928,SL/BE
buy,2866.62,2861.72,2861.72,2878.86,0.28,2.5,2025-02-07 10:00:00,HTF bullish | sellside_sweep @ 2865.96 | CHOCH LTF | entry OB,2861.72,2025-02-07 13:00:00,-145.04000000000258,7.840000000000001,SL/BE
buy,2903.67,2899.84,2899.84,2913.24,0.35,2.5,2025-02-11 16:00:00,HTF bullish | sellside_sweep @ 2907.12 | CHOCH LTF | entry FVG,2899.84,2025-02-11 17:00:00,-143.84999999999746,9.8,SL/BE
buy,2914.1,2914.38,2903.08,2941.66,0.03,2.5,2025-02-13 06:30:00,HTF bullish | sellside_sweep @ 2907.12 | BOS LTF | entry FVG,2927.88,2025-02-13 20:30:00,40.5000000000006,0.8400000000000001,PARTIAL
buy,2914.1,2914.38,2903.08,2941.66,0.09,2.5,2025-02-13 06:30:00,HTF bullish | sellside_sweep @ 2907.12 | BOS LTF | entry FVG,2914.38,2025-02-14 14:00:00,-4.413599999998199,6.9336,SL/BE
buy,2942.81,2937.98,2937.98,2954.87,0.28,2.5,2025-02-20 16:45:00,HTF bullish | sellside_sweep @ 2949.06 | CHOCH LTF | entry FVG,2937.98,2025-02-20 18:15:00,-143.079999999998,7.840000000000001,SL/BE
buy,2932.03,2921.54,2921.54,2958.25,0.12,2.5,2025-02-21 11:30:00,HTF bullish | sellside_sweep @ 2924.19 | CHOCH LTF | entry FVG,2921.54,2025-02-24 01:15:00,-146.89440000000283,21.0144,SL/BE
buy,2941.99,2942.27,2933.74,2962.6,0.04,2.5,2025-02-24 08:15:00,HTF bullish | sellside_sweep @ 2937.29 | CHOCH LTF | entry FVG,2954.396,2025-02-24 13:45:00,48.50400000000162,1.12,PARTIAL
buy,2941.99,2942.27,2933.74,2962.6,0.12,2.5,2025-02-24 08:15:00,HTF bullish | sellside_sweep @ 2937.29 | CHOCH LTF | entry FVG,2942.27,2025-02-24 14:15:00,2.4003021792395884e-12,3.3600000000000003,SL/BE
buy,2934.76,2929.02,2929.02,2949.13,0.23,2.5,2025-02-25 12:15:00,HTF bullish | sellside_sweep @ 2948.27 | CHOCH LTF | entry OB,2929.02,2025-02-25 12:30:00,-138.46000000000544,6.440000000000001,SL/BE
sell,2913.01,2912.73,2929.66,2871.41,0.07,2.5,2025-02-26 07:15:00,HTF bearish | buyside_sweep @ 2926.09 | BOS LTF | entry FVG,2912.73,2025-02-26 15:45:00,1.4006573678670975e-12,1.9600000000000002,SL/BE
sell,2882.41,2882.1299999999997,2893.95,2853.57,0.0275,2.5,2025-02-27 15:00:00,HTF bearish | buyside_sweep @ 2892.14 | CHOCH LTF | entry FVG,2863.77,2025-02-28 03:30:00,50.48999999999965,0.7700000000000001,PARTIAL
sell,2882.41,2882.1299999999997,2893.95,2853.57,0.0825,2.5,2025-02-27 15:00:00,HTF bearish | buyside_sweep @ 2892.14 | CHOCH LTF | entry FVG,2853.57,2025-02-28 08:30:00,235.61999999999745,2.31,TP
sell,2861.33,2861.0499999999997,2879.96,2814.75,0.0175,2.5,2025-02-28 09:45:00,HTF bearish | buyside_sweep @ 2878.43 | BOS LTF | entry FVG,2833.836,2025-02-28 14:45:00,47.62450000000025,0.49000000000000005,PARTIAL
sell,2861.33,2861.0499999999997,2879.96,2814.75,0.052500000000000005,2.5,2025-02-28 09:45:00,HTF bearish | buyside_sweep @ 2878.43 | BOS LTF | entry FVG,2861.0499999999997,2025-03-02 23:00:00,1.0504930259003231e-12,1.4700000000000002,SL/BE
sell,2912.32,2915.86,2915.86,2903.48,0.38,2.5,2025-03-04 15:00:00,HTF bearish | buyside_sweep @ 2889.41 | CHOCH LTF | entry FVG,2903.48,2025-03-04 15:00:00,325.28000000000554,10.64,TP
sell,2912.32,2915.86,2915.86,2903.48,0.39,2.5,2025-03-04 16:45:00,HTF bearish | buyside_sweep @ 2887.70 | CHOCH LTF | entry FVG,2915.86,2025-03-04 16:45:00,-148.9799999999986,10.920000000000002,SL/BE
sell,2918.74,2918.4599999999996,2922.37,2909.67,0.0925,2.5,2025-03-04 20:15:00,HTF bearish | buyside_sweep @ 2918.97 | CHOCH LTF | entry FVG,2914.169,2025-03-05 00:00:00,39.69174999999919,2.5900000000000003,PARTIAL
sell,2918.74,2918.4599999999996,2922.37,2909.67,0.27749999999999997,2.5,2025-03-04 20:15:00,HTF bearish | buyside_sweep @ 2918.97 | CHOCH LTF | entry FVG,2909.67,2025-03-05 01:00:00,243.92249999999186,7.7700000000000005,TP
sell,2916.27,2919.98,2919.98,2908.13,0.37,2.2,2025-03-12 10:00:00,HTF bearish | buyside_sweep @ 2916.07 | CHOCH LTF | entry FVG,2919.98,2025-03-12 12:30:00,-147.63000000000136,10.360000000000001,SL/BE
buy,2945.89,2933.32,2933.32,2977.32,0.0275,2.5,2025-03-13 10:00:00,HTF bullish | sellside_sweep @ 2935.39 | CHOCH LTF | entry FVG,2964.884,2025-03-13 14:30:00,51.46350000000039,0.7700000000000001,PARTIAL
buy,2945.89,2946.17,2933.32,2977.32,0.0825,2.5,2025-03-13 10:00:00,HTF bullish | sellside_sweep @ 2935.39 | CHOCH LTF | entry FVG,2977.32,2025-03-13 15:30:00,256.9875000000024,2.31,TP
buy,2989.0,2989.28,2980.83,3009.4,0.17,2.5,2025-03-14 10:30:00,HTF bullish | sellside_sweep @ 2983.87 | CHOCH LTF | entry FVG,2989.28,2025-03-14 13:30:00,3.4008351690317795e-12,4.760000000000001,SL/BE
buy,2990.41,2984.66,2984.66,3004.77,0.06,2.5,2025-03-17 12:00:00,HTF bullish | sellside_sweep @ 2986.36 | CHOCH LTF | entry FVG,2997.877,2025-03-17 14:15:00,43.12200000000059,1.6800000000000002,PARTIAL
buy,2990.41,2990.69,2984.66,3004.77,0.18,2.5,2025-03-17 12:00:00,HTF bullish | sellside_sweep @ 2986.36 | CHOCH LTF | entry FVG,3004.77,2025-03-18 01:15:00,244.6128000000023,13.8672,TP
buy,3041.0,3034.24,3034.24,3057.88,0.21,2.5,2025-03-20 18:30:00,HTF bullish | sellside_sweep @ 3038.61 | CHOCH LTF | entry FVG,3034.24,2025-03-21 02:15:00,-158.1384000000046,16.1784,SL/BE
buy,3032.35,3022.52,3022.52,3056.92,0.14,2.5,2025-03-21 13:15:00,HTF bullish | sellside_sweep @ 3025.63 | CHOCH LTF | entry OB,3022.52,2025-03-21 13:30:00,-141.53999999999897,3.9200000000000004,SL/BE
sell,3016.51,3039.19,3039.19,2959.81,0.06,2.5,2025-03-21 15:00:00,HTF bearish | buyside_sweep @ 3034.77 | CHOCH LTF | entry FVG,3039.19,2025-03-27 09:45:00,-137.759999999999,1.6800000000000002,SL/BE
buy,3050.89,3051.17,3025.62,3114.06,0.0125,2.5,2025-03-27 11:00:00,HTF bullish | sellside_sweep @ 3028.08 | BOS LTF | entry FVG,3084.7,2025-03-28 06:45:00,41.29949999999994,0.9630000000000001,PARTIAL
buy,3050.89,3051.17,3025.62,3114.06,0.037500000000000006,2.5,2025-03-27 11:00:00,HTF bullish | sellside_sweep @ 3028.08 | BOS LTF | entry FVG,3114.06,2025-03-31 04:45:00,228.48150000000032,8.406,TP
buy,3134.86,3122.63,3122.63,3165.42,0.11,2.5,2025-04-01 10:30:00,HTF bullish | sellside_sweep @ 3126.53 | CHOCH LTF | entry FVG,3122.63,2025-04-01 15:30:00,-137.6100000000002,3.0800000000000005,SL/BE
sell,3119.97,3119.6899999999996,3137.66,3075.76,0.08,2.5,2025-04-03 14:15:00,HTF bearish | buyside_sweep @ 3134.40 | BOS LTF | entry FVG,3119.6899999999996,2025-04-03 20:45:00,1.6004975122996257e-12,2.24,SL/BE
sell,3107.43,3121.46,3121.46,3072.36,0.1,2.5,2025-04-04 10:30:00,HTF bearish | buyside_sweep @ 3114.28 | BOS LTF | entry OB,3121.46,2025-04-04 11:00:00,-143.100000000002,2.8000000000000003,SL/BE
sell,3019.09,3037.87,3037.87,2972.12,0.07,2.5,2025-04-07 14:00:00,HTF bearish | buyside_sweep @ 3035.53 | CHOCH LTF | entry FVG,3037.87,2025-04-07 14:15:00,-133.41999999999823,1.9600000000000002,SL/BE
sell,3003.2,3006.82,3006.82,2994.16,0.38,2.5,2025-04-08 09:30:00,HTF bearish | buyside_sweep @ 3004.87 | CHOCH LTF | entry FVG,3006.82,2025-04-08 09:30:00,-148.20000000001312,10.64,SL/BE
sell,3070.37,3089.28,3089.28,3023.1,0.07,2.5,2025-04-09 17:45:00,HTF bearish | buyside_sweep @ 3084.64 | CHOCH LTF | entry FVG,3089.28,2025-04-09 19:00:00,-134.3300000000022,1.9600000000000002,SL/BE
buy,3201.45,3201.73,3194.86,3215.72,0.05,2.17,2025-04-14 18:30:00,HTF bullish | sellside_sweep @ 3206.32 | CHOCH LTF | entry OB,3209.826,2025-04-14 19:00:00,40.48000000000102,1.4000000000000001,PARTIAL
buy,3201.45,3201.73,3194.86,3215.72,0.15000000000000002,2.17,2025-04-14 18:30:00,HTF bullish | sellside_sweep @ 3206.32 | CHOCH LTF | entry OB,3215.72,2025-04-15 01:00:00,202.49399999999974,11.556000000000001,TP
buy,3224.33,3219.32,3219.32,3236.85,0.27,2.5,2025-04-15 09:30:00,HTF bullish | sellside_sweep @ 3223.25 | CHOCH LTF | entry FVG,3219.32,2025-04-15 11:30:00,-142.82999999999362,7.560000000000001,SL/BE
buy,3325.1,3311.16,3311.16,3359.97,0.09,2.5,2025-04-17 11:15:00,HTF bullish | sellside_sweep @ 3314.28 | CHOCH LTF | entry FVG,3311.16,2025-04-17 14:00:00,-127.98000000000047,2.52,SL/BE
buy,3387.21,3387.4900000000002,3322.53,3548.91,0.005,2.5,2025-04-21 07:45:00,HTF bullish | sellside_sweep @ 3325.20 | BOS LTF | entry FVG,3468.24,2025-04-22 02:30:00,40.129799999999875,0.3852,PARTIAL
buy,3387.21,3387.4900000000002,3322.53,3548.91,0.015,2.5,2025-04-21 07:45:00,HTF bullish | sellside_sweep @ 3325.20 | BOS LTF | entry FVG,3387.4900000000002,2025-04-22 16:15:00,-0.7355999999996998,1.1556,SL/BE
buy,3319.5,3319.78,3303.94,3358.41,0.08,2.5,2025-04-23 09:45:00,HTF bullish | sellside_sweep @ 3315.83 | CHOCH LTF | entry OB,3319.78,2025-04-23 12:00:00,1.6004975122996257e-12,2.24,SL/BE
sell,3332.86,3339.9,3339.9,3314.28,0.19,2.64,2025-04-24 16:00:00,HTF bearish | buyside_sweep @ 3335.52 | CHOCH LTF | entry FVG,3339.9,2025-04-24 18:15:00,-139.0799999999993,5.32,SL/BE
sell,3297.55,3353.0,3353.0,3158.91,0.02,2.5,2025-04-25 06:15:00,HTF bearish | buyside_sweep @ 3347.03 | BOS LTF | entry FVG,3353.0,2025-04-28 19:45:00,-111.45999999999964,0.56,SL/BE
sell,3316.62,3316.3399999999997,3326.42,3292.1,0.13,2.5,2025-04-29 13:00:00,HTF bearish | buyside_sweep @ 3323.89 | CHOCH LTF | entry FVG,3316.3399999999997,2025-04-29 16:00:00,2.601474591301667e-12,3.64,SL/BE
sell,3238.01,3289.68,3289.68,3108.84,0.02,2.5,2025-05-01 06:30:00,HTF bearish | buyside_sweep @ 3281.67 | BOS LTF | entry FVG,3289.68,2025-05-05 09:00:00,-103.89999999999924,0.56,SL/BE
sell,3309.74,3313.28,3313.28,3300.89,0.37,2.5,2025-05-05 16:30:00,HTF bearish | buyside_sweep @ 3272.43 | BOS LTF | entry FVG,3313.28,2025-05-05 16:45:00,-141.3400000000155,10.360000000000001,SL/BE
buy,3372.96,3348.65,3348.65,3433.75,0.0125,2.5,2025-05-06 07:45:00,HTF bullish | sellside_sweep @ 3352.41 | CHOCH LTF | entry FVG,3404.143,2025-05-06 16:15:00,38.62875,0.35000000000000003,PARTIAL
buy,3372.96,3373.2400000000002,3348.65,3433.75,0.037500000000000006,2.5,2025-05-06 07:45:00,HTF bullish | sellside_sweep @ 3352.41 | CHOCH LTF | entry FVG,3433.75,2025-05-06 20:45:00,226.91249999999988,1.0500000000000003,TP
buy,3392.81,3379.73,3379.73,3425.53,0.1,2.5,2025-05-07 14:00:00,HTF bullish | sellside_sweep @ 3383.70 | CHOCH LTF | entry FVG,3379.73,2025-05-07 14:15:00,-133.59999999999928,2.8000000000000003,SL/BE
buy,3347.35,3343.02,3343.02,3358.18,0.075,2.5,2025-05-08 12:45:00,HTF bullish | sellside_sweep @ 3373.10 | BOS LTF | entry FVG,3356.137,2025-05-08 12:45:00,63.80250000000196,2.1,PARTIAL
buy,3347.35,3347.63,3343.02,3358.18,0.22499999999999998,2.5,2025-05-08 12:45:00,HTF bullish | sellside_sweep @ 3373.10 | BOS LTF | entry FVG,3358.18,2025-05-08 13:00:00,237.37499999999835,6.3,TP
buy,3324.2,3285.17,3285.17,3421.79,0.03,2.5,2025-05-09 07:00:00,HTF bullish | sellside_sweep @ 3288.70 | CHOCH LTF | entry FVG,3285.17,2025-05-11 22:00:00,-120.87239999999922,3.7824,SL/BE
sell,3255.22,3258.98,3258.98,3247.36,0.0875,2.09,2025-05-13 09:15:00,HTF bearish | buyside_sweep @ 3238.87 | CHOCH LTF | entry FVG,3249.134,2025-05-13 11:45:00,50.80249999999811,2.45,PARTIAL
sell,3255.22,3254.9399999999996,3258.98,3247.36,0.26249999999999996,2.09,2025-05-13 09:15:00,HTF bearish | buyside_sweep @ 3238.87 | CHOCH LTF | entry FVG,3247.36,2025-05-13 12:00:00,198.97499999999138,7.35,TP
sell,3242.64,3242.3599999999997,3260.08,3199.04,0.07,2.5,2025-05-13 14:30:00,HTF bearish | buyside_sweep @ 3256.61 | CHOCH LTF | entry FVG,3242.3599999999997,2025-05-14 08:00:00,1.4006573678670975e-12,1.9600000000000002,SL/BE
sell,3136.18,3194.24,3194.24,2991.04,0.02,2.5,2025-05-15 06:15:00,HTF bearish | buyside_sweep @ 3187.31 | CHOCH LTF | entry FVG,3194.24,2025-05-15 13:00:00,-116.6799999999999,0.56,SL/BE
sell,3217.18,3228.98,3228.98,3187.69,0.11,2.5,2025-05-20 06:15:00,HTF bearish | buyside_sweep @ 3224.25 | CHOCH LTF | entry FVG,3228.98,2025-05-20 08:45:00,-132.880000000002,3.0800000000000005,SL/BE
buy,3310.95,3311.23,3283.92,3378.52,0.04,2.5,2025-05-21 07:15:00,HTF bullish | sellside_sweep @ 3288.53 | BOS LTF | entry FVG,3311.23,2025-05-22 08:30:00,-1.9615999999991995,3.0816,SL/BE
buy,3323.0,3323.28,3298.53,3384.16,0.0125,2.5,2025-05-23 08:15:00,HTF bullish | sellside_sweep @ 3300.91 | CHOCH LTF | entry FVG,3358.114,2025-05-23 12:30:00,43.54250000000005,0.35000000000000003,PARTIAL
buy,3323.0,3323.28,3298.53,3384.16,0.037500000000000006,2.5,2025-05-23 08:15:00,HTF bullish | sellside_sweep @ 3300.91 | CHOCH LTF | entry FVG,3323.28,2025-05-27 05:45:00,-7.35599999999925,8.406,SL/BE
buy,3300.36,3300.6400000000003,3289.14,3328.42,0.11,2.5,2025-05-27 18:15:00,HTF bullish | sellside_sweep @ 3292.53 | CHOCH LTF | entry FVG,3300.6400000000003,2025-05-28 01:30:00,-16.1831999999978,19.2632,SL/BE
buy,3374.43,3365.07,3365.07,3397.84,0.035,2.5,2025-06-05 09:00:00,HTF bullish | sellside_sweep @ 3368.17 | CHOCH LTF | entry FVG,3387.917,2025-06-05 09:15:00,46.22450000000028,0.9800000000000001,PARTIAL
buy,3374.43,3374.71,3365.07,3397.84,0.10500000000000001,2.5,2025-06-05 09:00:00,HTF bullish | sellside_sweep @ 3368.17 | CHOCH LTF | entry FVG,3397.84,2025-06-05 10:30:00,242.86500000000325,2.9400000000000004,TP
sell,3324.83,3329.41,3329.41,3301.92,0.29,4.99,2025-06-10 06:15:00,HTF bearish | buyside_sweep @ 3326.84 | CHOCH LTF | entry OB,3329.41,2025-06-10 06:30:00,-140.93999999999787,8.120000000000001,SL/BE
buy,3379.18,3379.46,3359.26,3428.98,0.015,2.5,2025-06-12 11:30:00,HTF bullish | sellside_sweep @ 3365.25 | CHOCH LTF | entry FVG,3413.636,2025-06-13 00:15:00,50.5284000000002,1.1556,PARTIAL
buy,3379.18,3379.46,3359.26,3428.98,0.045,2.5,2025-06-12 11:30:00,HTF bullish | sellside_sweep @ 3365.25 | CHOCH LTF | entry FVG,3428.98,2025-06-13 01:15:00,220.6332000000008,3.4668,TP
buy,3424.15,3424.4300000000003,3412.48,3453.3,0.0275,2.5,2025-06-13 14:45:00,HTF bullish | sellside_sweep @ 3417.98 | CHOCH LTF | entry OB,3449.946,2025-06-15 22:00:00,67.4717999999995,3.4672,PARTIAL
buy,3424.15,3424.4300000000003,3412.48,3453.3,0.0825,2.5,2025-06-13 14:45:00,HTF bullish | sellside_sweep @ 3417.98 | CHOCH LTF | entry OB,3424.4300000000003,2025-06-16 05:00:00,-12.13739999999835,14.4474,SL/BE
buy,3417.29,3412.85,3412.85,3430.44,0.31,2.96,2025-06-16 11:30:00,HTF bullish | sellside_sweep @ 3428.97 | CHOCH LTF | entry FVG,3412.85,2025-06-16 11:45:00,-146.3200000000017,8.68,SL/BE
buy,3391.4,3377.55,3377.55,3426.03,0.09,2.5,2025-06-17 11:45:00,HTF bullish | sellside_sweep @ 3381.07 | CHOCH LTF | entry FVG,3377.55,2025-06-17 14:30:00,-127.16999999999916,2.52,SL/BE
buy,3388.23,3372.12,3372.12,3428.5,0.08,2.5,2025-06-17 17:45:00,HTF bullish | sellside_sweep @ 3375.68 | CHOCH LTF | entry FVG,3372.12,2025-06-18 02:30:00,-142.88960000000102,14.0096,SL/BE
sell,3364.82,3364.54,3381.78,3322.42,0.0175,2.5,2025-06-19 07:30:00,HTF bearish | buyside_sweep @ 3379.89 | BOS LTF | entry FVG,3340.994,2025-06-20 06:30:00,41.205500000000036,0.49000000000000005,PARTIAL
sell,3364.82,3364.54,3381.78,3322.42,0.052500000000000005,2.5,2025-06-19 07:30:00,HTF bearish | buyside_sweep @ 3379.89 | BOS LTF | entry FVG,3364.54,2025-06-20 13:30:00,1.0504930259003231e-12,1.4700000000000002,SL/BE
sell,3327.32,3335.47,3335.47,3306.97,0.04,2.5,2025-06-25 10:00:00,HTF bearish | buyside_sweep @ 3333.74 | CHOCH LTF | entry FVG,3314.902,2025-06-25 13:00:00,48.55200000000048,1.12,PARTIAL
sell,3327.32,3327.04,3335.47,3306.97,0.12,2.5,2025-06-25 10:00:00,HTF bearish | buyside_sweep @ 3333.74 | CHOCH LTF | entry FVG,3327.04,2025-06-25 15:45:00,2.4003021792395884e-12,3.3600000000000003,SL/BE
sell,3345.74,3351.99,3351.99,3330.12,0.21,2.5,2025-07-02 16:00:00,HTF bearish | buyside_sweep @ 3347.75 | CHOCH LTF | entry FVG,3351.99,2025-07-02 18:15:00,-137.13,5.880000000000001,SL/BE
buy,3331.99,3327.1,3327.1,3344.21,0.27,2.5,2025-07-03 17:30:00,HTF bullish | sellside_sweep @ 3351.68 | CHOCH LTF | entry FVG,3327.1,2025-07-03 19:00:00,-139.58999999999656,7.560000000000001,SL/BE
buy,3339.89,3327.52,3327.52,3370.82,0.1,2.5,2025-07-04 07:00:00,HTF bullish | sellside_sweep @ 3332.85 | BOS LTF | entry FVG,3327.52,2025-07-06 23:30:00,-136.3079999999989,12.608,SL/BE
sell,3306.71,3332.28,3332.28,3242.8,0.05,2.5,2025-07-07 08:00:00,HTF bearish | buyside_sweep @ 3330.29 | BOS LTF | entry FVG,3332.28,2025-07-07 17:00:00,-129.25000000000082,1.4000000000000001,SL/BE
sell,3294.37,3308.61,3308.61,3258.78,0.09,2.5,2025-07-09 07:45:00,HTF bearish | buyside_sweep @ 3304.07 | CHOCH LTF | entry FVG,3308.61,2025-07-09 14:15:00,-130.68000000000214,2.52,SL/BE
sell,3326.14,3330.04,3330.04,3316.4,0.08,2.5,2025-07-10 13:00:00,HTF bearish | buyside_sweep @ 3326.41 | CHOCH LTF | entry FVG,3321.177,2025-07-10 13:30:00,37.4639999999979,2.24,PARTIAL
sell,3326.14,3325.8599999999997,3330.04,3316.4,0.24,2.5,2025-07-10 13:00:00,HTF bearish | buyside_sweep @ 3326.41 | CHOCH LTF | entry FVG,3316.4,2025-07-10 13:45:00,227.03999999999476,6.720000000000001,TP
buy,3340.69,3340.9700000000003,3325.82,3377.87,0.02,2.5,2025-07-11 08:15:00,HTF bullish | sellside_sweep @ 3328.44 | BOS LTF | entry FVG,3359.799,2025-07-11 14:30:00,37.657999999999845,0.56,PARTIAL
buy,3340.69,3340.9700000000003,3325.82,3377.87,0.06,2.5,2025-07-11 08:15:00,HTF bullish | sellside_sweep @ 3328.44 | BOS LTF | entry FVG,3340.9700000000003,2025-07-14 14:45:00,-8.827199999998799,10.5072,SL/BE
buy,3348.54,3343.55,3343.55,3361.01,0.26,2.5,2025-07-14 18:00:00,HTF bullish | sellside_sweep @ 3347.14 | CHOCH LTF | entry OB,3343.55,2025-07-14 19:45:00,-137.01999999999433,7.28,SL/BE
buy,3362.23,3340.42,3340.42,3416.75,0.05,2.5,2025-07-15 06:15:00,HTF bullish | sellside_sweep @ 3343.08 | CHOCH LTF | entry FVG,3340.42,2025-07-15 13:15:00,-110.44999999999975,1.4000000000000001,SL/BE
sell,3346.94,3346.66,3367.86,3294.64,0.06,2.5,2025-07-15 14:30:00,HTF bearish | buyside_sweep @ 3365.63 | CHOCH LTF | entry FVG,3346.66,2025-07-16 15:00:00,1.2001510896197942e-12,1.6800000000000002,SL/BE
sell,3334.91,3334.6299999999997,3342.99,3314.73,0.0375,2.5,2025-07-17 06:45:00,HTF bearish | buyside_sweep @ 3339.43 | BOS LTF | entry FVG,3324.254,2025-07-17 11:45:00,38.90999999999981,1.05,PARTIAL
sell,3334.91,3334.6299999999997,3342.99,3314.73,0.11249999999999999,2.5,2025-07-17 06:45:00,HTF bearish | buyside_sweep @ 3339.43 | BOS LTF | entry FVG,3314.73,2025-07-17 12:30:00,223.87499999999812,3.15,TP
buy,3428.25,3421.92,3421.92,3444.08,0.2,2.5,2025-07-23 10:00:00,HTF bullish | sellside_sweep @ 3426.28 | CHOCH LTF | entry FVG,3421.92,2025-07-23 10:30:00,-132.19999999999857,5.6000000000000005,SL/BE
sell,3301.11,3304.88,3304.88,3291.67,0.34,2.5,2025-07-31 11:00:00,HTF bearish | buyside_sweep @ 3298.57 | CHOCH LTF | entry FVG,3304.88,2025-07-31 11:30:00,-137.6999999999994,9.520000000000001,SL/BE
sell,3289.45,3297.84,3297.84,3268.48,0.15,2.5,2025-08-01 08:15:00,HTF bearish | buyside_sweep @ 3293.80 | CHOCH LTF | entry OB,3297.84,2025-08-01 10:30:00,-130.0500000000049,4.2,SL/BE
buy,3346.6,3346.88,3287.57,3494.18,0.005,2.5,2025-08-01 18:15:00,HTF bullish | sellside_sweep @ 3289.58 | BOS LTF | entry FVG,3422.07,2025-08-28 19:45:00,29.013000000000126,8.722000000000001,PARTIAL
buy,3346.6,3346.88,3287.57,3494.18,0.015,2.5,2025-08-01 18:15:00,HTF bullish | sellside_sweep @ 3289.58 | BOS LTF | entry FVG,3494.18,2025-09-02 01:15:00,191.5259999999999,29.843999999999998,TP
buy,3653.22,3636.67,3636.67,3694.6,0.07,2.5,2025-09-09 09:30:00,HTF bullish | sellside_sweep @ 3642.66 | CHOCH LTF | entry FVG,3636.67,2025-09-09 14:30:00,-117.8099999999981,1.9600000000000002,SL/BE
buy,3645.27,3641.07,3641.07,3655.41,0.3,2.41,2025-09-10 18:30:00,HTF bullish | sellside_sweep @ 3643.81 | BOS LTF | entry FVG,3641.07,2025-09-10 19:15:00,-134.39999999999455,8.4,SL/BE
buy,3629.63,3621.86,3621.86,3649.05,0.16,2.5,2025-09-11 08:00:00,HTF bullish | sellside_sweep @ 3629.86 | CHOCH LTF | entry OB,3621.86,2025-09-11 09:00:00,-128.79999999999973,4.48,SL/BE
sell,3619.48,3639.5,3639.5,3569.42,0.06,2.5,2025-09-11 12:00:00,HTF bearish | buyside_sweep @ 3634.34 | CHOCH LTF | entry FVG,3639.5,2025-09-11 12:30:00,-121.7999999999999,1.6800000000000002,SL/BE
buy,3639.67,3639.9500000000003,3635.11,3646.86,0.27,1.58,2025-09-15 12:15:00,HTF bullish | sellside_sweep @ 3643.81 | BOS LTF | entry FVG,3646.86,2025-09-15 12:45:00,186.5700000000015,7.560000000000001,TP
buy,3688.07,3674.79,3674.79,3721.28,0.09,2.5,2025-09-16 07:30:00,HTF bullish | sellside_sweep @ 3677.08 | BOS LTF | entry FVG,3674.79,2025-09-17 02:30:00,-135.2808000000018,15.7608,SL/BE
buy,3674.37,3659.06,3659.06,3712.64,0.08,2.5,2025-09-17 13:00:00,HTF bullish | sellside_sweep @ 3662.49 | CHOCH LTF | entry FVG,3659.06,2025-09-17 18:00:00,-124.71999999999956,2.24,SL/BE
buy,3661.31,3646.61,3646.61,3698.08,0.08,2.5,2025-09-18 13:00:00,HTF bullish | sellside_sweep @ 3651.83 | CHOCH LTF | entry FVG,3646.61,2025-09-18 13:30:00,-119.83999999999854,2.24,SL/BE
buy,3648.03,3638.45,3638.45,3671.98,0.03,2.5,2025-09-19 11:30:00,HTF bullish | sellside_sweep @ 3640.51 | BOS LTF | entry OB,3663.291,2025-09-19 13:45:00,44.9429999999999,0.8400000000000001,PARTIAL
buy,3648.03,3648.3100000000004,3638.45,3671.98,0.09,2.5,2025-09-19 11:30:00,HTF bullish | sellside_sweep @ 3640.51 | BOS LTF | entry OB,3671.98,2025-09-19 15:00:00,213.02999999999835,2.52,TP
buy,3753.05,3742.35,3742.35,3779.79,0.0275,2.5,2025-09-23 06:30:00,HTF bullish | sellside_sweep @ 3744.87 | CHOCH LTF | entry FVG,3770.135,2025-09-23 08:30:00,46.2137500000001,0.7700000000000001,PARTIAL
buy,3753.05,3753.3300000000004,3742.35,3779.79,0.0825,2.5,2025-09-23 06:30:00,HTF bullish | sellside_sweep @ 3744.87 | CHOCH LTF | entry FVG,3779.79,2025-09-23 09:00:00,218.2949999999982,2.31,TP
buy,3779.12,3763.54,3763.54,3818.07,0.08,2.5,2025-09-23 17:30:00,HTF bullish | sellside_sweep @ 3767.65 | CHOCH LTF | entry FVG,3763.54,2025-09-23 18:45:00,-126.87999999999941,2.24,SL/BE
buy,3769.61,3756.78,3756.78,3801.7,0.09,2.5,2025-09-24 06:15:00,HTF bullish | sellside_sweep @ 3758.84 | CHOCH LTF | entry FVG,3756.78,2025-09-24 14:00:00,-117.98999999999934,2.52,SL/BE
buy,3744.61,3744.8900000000003,3738.9,3758.89,0.0525,2.5,2025-09-25 06:30:00,HTF bullish | sellside_sweep @ 3748.90 | CHOCH LTF | entry FVG,3752.214,2025-09-25 07:45:00,38.45099999999903,1.4700000000000002,PARTIAL
buy,3744.61,3744.8900000000003,3738.9,3758.89,0.1575,2.5,2025-09-25 06:30:00,HTF bullish | sellside_sweep @ 3748.90 | CHOCH LTF | entry FVG,3758.89,2025-09-25 08:00:00,220.499999999996,4.410000000000001,TP
buy,3748.84,3749.1200000000003,3733.83,3786.36,0.02,2.5,2025-09-25 19:30:00,HTF bullish | sellside_sweep @ 3741.10 | CHOCH LTF | entry FVG,3772.048,2025-09-26 14:00:00,44.87519999999926,1.5408,PARTIAL
buy,3748.84,3749.1200000000003,3733.83,3786.36,0.06,2.5,2025-09-25 19:30:00,HTF bullish | sellside_sweep @ 3741.10 | CHOCH LTF | entry FVG,3786.36,2025-09-29 00:45:00,211.6703999999999,13.449599999999998,TP
buy,3810.95,3811.23,3762.44,3932.25,0.02,2.5,2025-09-29 07:30:00,HTF bullish | sellside_sweep @ 3771.42 | BOS LTF | entry FVG,3811.23,2025-09-30 08:30:00,-0.9807999999995998,1.5408,SL/BE
buy,3822.48,3817.84,3817.84,3868.83,0.07,10.0,2025-09-30 14:00:00,HTF bullish | sellside_sweep @ 3842.59 | CHOCH LTF | entry FVG,3843.733,2025-09-30 14:00:00,146.81100000000112,1.9600000000000002,PARTIAL
buy,3822.48,3822.76,3817.84,3868.83,0.21000000000000002,10.0,2025-09-30 14:00:00,HTF bullish | sellside_sweep @ 3842.59 | CHOCH LTF | entry FVG,3868.83,2025-10-01 01:45:00,936.5747999999982,36.775200000000005,TP
buy,3867.55,3867.8300000000004,3857.69,3892.2,0.035,2.5,2025-10-02 06:45:00,HTF bullish | sellside_sweep @ 3860.26 | BOS LTF | entry FVG,3882.307,2025-10-02 10:15:00,50.66949999999863,0.9800000000000001,PARTIAL
buy,3867.55,3867.8300000000004,3857.69,3892.2,0.10500000000000001,2.5,2025-10-02 06:45:00,HTF bullish | sellside_sweep @ 3860.26 | BOS LTF | entry FVG,3892.2,2025-10-02 13:15:00,255.88499999999624,2.9400000000000004,TP
buy,3940.76,3929.5,3929.5,3968.92,0.0325,2.5,2025-10-06 14:00:00,HTF bullish | sellside_sweep @ 3932.55 | CHOCH LTF | entry FVG,3957.716,2025-10-06 14:30:00,54.19699999999895,0.91,PARTIAL
buy,3940.76,3941.0400000000004,3929.5,3968.92,0.0975,2.5,2025-10-06 14:00:00,HTF bullish | sellside_sweep @ 3932.55 | CHOCH LTF | entry FVG,3968.92,2025-10-06 16:00:00,271.82999999999856,2.7300000000000004,TP
buy,3962.73,3958.26,3958.26,3973.91,0.33,2.5,2025-10-07 15:45:00,HTF bullish | sellside_sweep @ 3960.11 | CHOCH LTF | entry FVG,3973.91,2025-10-07 16:00:00,359.69999999999465,9.24,TP
buy,4052.11,4029.45,4029.45,4108.74,0.06,2.5,2025-10-08 17:15:00,HTF bullish | sellside_sweep @ 4032.04 | CHOCH LTF | entry FVG,4029.45,2025-10-08 22:00:00,-137.64000000000186,1.6800000000000002,SL/BE
buy,4036.16,4001.0,4001.0,4124.07,0.04,2.5,2025-10-09 06:15:00,HTF bullish | sellside_sweep @ 4008.20 | CHOCH LTF | entry FVG,4001.0,2025-10-09 16:30:00,-141.75999999999942,1.12,SL/BE
buy,4139.57,4139.849999999999,4104.82,4226.43,0.01,2.5,2025-10-14 19:30:00,HTF bullish | sellside_sweep @ 4121.82 | CHOCH LTF | entry FVG,4185.584,2025-10-15 01:15:00,44.26280000000013,1.7512,PARTIAL
buy,4139.57,4139.849999999999,4104.82,4226.43,0.03,2.5,2025-10-14 19:30:00,HTF bullish | sellside_sweep @ 4121.82 | CHOCH LTF | entry FVG,4226.43,2025-10-16 00:30:00,253.85520000000176,6.724799999999999,TP
buy,4235.18,4235.46,4226.41,4257.1,0.0425,2.5,2025-10-16 10:30:00,HTF bullish | sellside_sweep @ 4228.95 | CHOCH LTF | entry FVG,4246.528,2025-10-16 11:30:00,47.03899999999982,1.1900000000000002,PARTIAL
buy,4235.18,4235.46,4226.41,4257.1,0.1275,2.5,2025-10-16 10:30:00,HTF bullish | sellside_sweep @ 4228.95 | CHOCH LTF | entry FVG,4235.46,2025-10-16 12:30:00,-3.247624391633508e-12,3.5700000000000003,SL/BE
sell,4120.97,4120.6900000000005,4268.01,3753.38,0.0025,2.5,2025-10-21 20:00:00,HTF bearish | buyside_sweep @ 4263.69 | BOS LTF | entry FVG,3931.085,2025-10-28 07:15:00,47.401250000000054,0.07,PARTIAL
sell,4120.97,4120.6900000000005,4268.01,3753.38,0.0075,2.5,2025-10-21 20:00:00,HTF bearish | buyside_sweep @ 4263.69 | BOS LTF | entry FVG,4120.6900000000005,2025-11-10 23:15:00,-1.9101387138675818e-13,0.21000000000000002,SL/BE
buy,4140.87,4123.02,4123.02,4185.51,0.08,2.5,2025-11-11 10:00:00,HTF bullish | sellside_sweep @ 4129.59 | BOS LTF | entry FVG,4123.02,2025-11-11 14:45:00,-145.03999999999564,2.24,SL/BE
buy,4126.23,4126.509999999999,4097.4,4198.32,0.0125,2.5,2025-11-12 09:15:00,HTF bullish | sellside_sweep @ 4103.61 | CHOCH LTF | entry FVG,4166.593,2025-11-12 15:15:00,50.10375000000035,0.35000000000000003,PARTIAL
buy,4126.23,4126.509999999999,4097.4,4198.32,0.037500000000000006,2.5,2025-11-12 09:15:00,HTF bullish | sellside_sweep @ 4103.61 | CHOCH LTF | entry FVG,4198.32,2025-11-12 17:00:00,269.2875000000006,1.0500000000000003,TP
buy,4083.43,4083.71,4071.25,4113.88,0.12,2.5,2025-11-14 18:15:00,HTF bullish | sellside_sweep @ 4173.69 | CHOCH LTF | entry OB,4083.71,2025-11-14 20:15:00,2.4003021792395884e-12,3.3600000000000003,SL/BE
buy,4083.2,4063.64,4063.64,4132.13,0.08,2.5,2025-11-17 08:15:00,HTF bullish | sellside_sweep @ 4070.05 | CHOCH LTF | entry FVG,4063.64,2025-11-17 11:00:00,-158.71999999999957,2.24,SL/BE
sell,4109.64,4113.76,4113.76,4078.21,0.37,7.63,2025-11-19 13:30:00,HTF bearish | buyside_sweep @ 4075.80 | CHOCH LTF | entry FVG,4113.76,2025-11-19 13:30:00,-162.79999999999598,10.360000000000001,SL/BE
sell,4074.01,4073.73,4099.76,4009.65,0.05,2.5,2025-11-20 06:15:00,HTF bearish | buyside_sweep @ 4091.23 | CHOCH LTF | entry FVG,4073.73,2025-11-20 12:00:00,1.000310945187266e-12,1.4000000000000001,SL/BE
sell,4068.6,4084.21,4084.21,4029.59,0.09,2.5,2025-11-20 18:00:00,HTF bearish | buyside_sweep @ 4072.78 | CHOCH LTF | entry OB,4084.21,2025-11-20 19:15:00,-143.01000000000116,2.52,SL/BE
sell,4040.74,4066.38,4066.38,3976.63,0.05,2.5,2025-11-21 08:15:00,HTF bearish | buyside_sweep @ 4062.48 | BOS LTF | entry FVG,4066.38,2025-11-21 12:45:00,-129.60000000000164,1.4000000000000001,SL/BE
buy,4137.84,4128.5,4128.5,4161.19,0.16,2.5,2025-11-25 14:15:00,HTF bullish | sellside_sweep @ 4139.45 | CHOCH LTF | entry FVG,4128.5,2025-11-25 14:30:00,-153.92000000000232,4.48,SL/BE
buy,4145.34,4145.62,4109.53,4234.87,0.01,2.5,2025-11-25 17:45:00,HTF bullish | sellside_sweep @ 4115.96 | BOS LTF | entry FVG,4192.364,2025-11-28 01:30:00,44.29199999999943,2.732,PARTIAL
buy,4145.34,4145.62,4109.53,4234.87,0.03,2.5,2025-11-25 17:45:00,HTF bullish | sellside_sweep @ 4115.96 | BOS LTF | entry FVG,4234.87,2025-12-01 01:15:00,255.98039999999924,12.609599999999999,TP
buy,4244.73,4245.009999999999,4227.85,4286.93,0.09,2.5,2025-12-01 08:30:00,HTF bullish | sellside_sweep @ 4232.53 | CHOCH LTF | entry FVG,4245.009999999999,2025-12-01 14:00:00,-2.291944412036173e-12,2.52,SL/BE
buy,4212.21,4203.34,4203.34,4234.39,0.17,2.5,2025-12-02 15:00:00,HTF bullish | sellside_sweep @ 4207.14 | CHOCH LTF | entry FVG,4203.34,2025-12-02 15:15:00,-155.54999999999814,4.760000000000001,SL/BE
buy,4206.98,4195.21,4195.21,4236.38,0.12,2.5,2025-12-05 16:00:00,HTF bullish | sellside_sweep @ 4198.88 | CHOCH LTF | entry FVG,4236.38,2025-12-05 16:00:00,349.44000000000653,3.3600000000000003,TP
buy,4212.64,4188.3,4188.3,4273.46,0.06,2.5,2025-12-08 07:00:00,HTF bullish | sellside_sweep @ 4198.65 | CHOCH LTF | entry FVG,4188.3,2025-12-08 15:00:00,-147.72000000000085,1.6800000000000002,SL/BE
buy,4192.9,4182.41,4182.41,4213.23,0.14,1.94,2025-12-08 16:45:00,HTF bullish | sellside_sweep @ 4215.91 | CHOCH LTF | entry FVG,4182.41,2025-12-09 05:30:00,-157.64559999999693,10.7856,SL/BE
buy,4185.64,4182.18,4182.18,4194.29,0.1075,2.5,2025-12-09 08:30:00,HTF bullish | sellside_sweep @ 4188.26 | CHOCH LTF | entry FVG,4190.773,2025-12-09 08:30:00,52.16974999999796,3.0100000000000002,PARTIAL
buy,4185.64,4185.92,4182.18,4194.29,0.3225,2.5,2025-12-09 08:30:00,HTF bullish | sellside_sweep @ 4188.26 | CHOCH LTF | entry FVG,4194.29,2025-12-09 09:00:00,269.9324999999883,9.030000000000001,TP
buy,4200.29,4192.04,4192.04,4214.41,0.18,1.71,2025-12-10 14:00:00,HTF bullish | sellside_sweep @ 4201.22 | CHOCH LTF | entry OB,4192.04,2025-12-10 14:30:00,-153.54,5.04,SL/BE
buy,4338.08,4286.9,4286.9,4466.03,0.02,2.5,2025-12-15 07:30:00,HTF bullish | sellside_sweep @ 4289.79 | BOS LTF | entry FVG,4286.9,2025-12-15 16:30:00,-102.92000000000058,0.56,SL/BE
buy,4287.79,4288.07,4273.23,4324.17,0.025,2.5,2025-12-16 12:30:00,HTF bullish | sellside_sweep @ 4275.43 | CHOCH LTF | entry FVG,4313.015,2025-12-16 13:45:00,62.36250000000091,0.7000000000000001,PARTIAL
buy,4287.79,4288.07,4273.23,4324.17,0.07500000000000001,2.5,2025-12-16 12:30:00,HTF bullish | sellside_sweep @ 4275.43 | CHOCH LTF | entry FVG,4324.17,2025-12-16 14:15:00,270.75000000000085,2.1000000000000005,TP
buy,4483.73,4479.36,4479.36,4497.83,0.35,3.23,2025-12-23 09:00:00,HTF bullish | sellside_sweep @ 4483.12 | CHOCH LTF | entry FVG,4479.36,2025-12-23 09:15:00,-162.7499999999962,9.8,SL/BE
buy,4484.05,4471.68,4471.68,4514.98,0.03,2.5,2025-12-23 21:45:00,HTF bullish | sellside_sweep @ 4478.22 | CHOCH LTF | entry FVG,4505.555,2025-12-23 23:30:00,63.675000000000324,0.8400000000000001,PARTIAL
buy,4484.05,4484.33,4471.68,4514.98,0.09,2.5,2025-12-23 21:45:00,HTF bullish | sellside_sweep @ 4478.22 | CHOCH LTF | entry FVG,4514.98,2025-12-24 00:30:00,262.6091999999944,15.7608,TP
buy,4514.9,4465.7,4465.7,4637.91,0.03,2.5,2025-12-26 06:45:00,HTF bullish | sellside_sweep @ 4474.51 | BOS LTF | entry FVG,4465.7,2025-12-29 07:00:00,-152.85359999999946,5.2536,SL/BE
sell,4360.4,4385.07,4385.07,4298.75,0.06,2.5,2025-12-30 08:45:00,HTF bearish | buyside_sweep @ 4380.02 | CHOCH LTF | entry FVG,4385.07,2025-12-30 10:30:00,-149.70000000000044,1.6800000000000002,SL/BE
sell,4372.19,4371.91,4395.23,4314.57,0.015,2.5,2025-12-30 15:00:00,HTF bearish | buyside_sweep @ 4391.78 | BOS LTF | entry FVG,4341.802,2025-12-30 20:45:00,45.16199999999988,0.42000000000000004,PARTIAL
sell,4372.19,4371.91,4395.23,4314.57,0.045,2.5,2025-12-30 15:00:00,HTF bearish | buyside_sweep @ 4391.78 | BOS LTF | entry FVG,4371.91,2025-12-31 01:45:00,-1.1459722060180866e-12,1.26,SL/BE
sell,4301.52,4371.25,4371.25,4127.21,0.02,2.5,2025-12-31 06:15:00,HTF bearish | buyside_sweep @ 4369.26 | BOS LTF | entry FVG,4371.25,2026-01-02 03:00:00,-140.01999999999913,0.56,SL/BE
sell,4321.66,4403.96,4403.96,4115.91,0.01,2.5,2026-01-02 19:00:00,HTF bearish | buyside_sweep @ 4399.38 | BOS LTF | entry FVG,4403.96,2026-01-05 01:00:00,-82.58000000000018,0.28,SL/BE
buy,4415.81,4416.09,4376.17,4514.9,0.0075,2.5,2026-01-05 11:15:00,HTF bullish | sellside_sweep @ 4383.39 | BOS LTF | entry FVG,4466.163,2026-01-06 03:30:00,37.186949999999364,0.5778,PARTIAL
buy,4415.81,4416.09,4376.17,4514.9,0.0225,2.5,2026-01-05 11:15:00,HTF bullish | sellside_sweep @ 4383.39 | BOS LTF | entry FVG,4416.09,2026-01-08 05:30:00,-5.517000000000572,6.146999999999999,SL/BE
buy,4465.54,4465.82,4442.83,4522.3,0.015,2.5,2026-01-09 08:30:00,HTF bullish | sellside_sweep @ 4445.36 | BOS LTF | entry FVG,4494.285,2026-01-09 14:15:00,42.697499999999835,0.42000000000000004,PARTIAL
buy,4465.54,4465.82,4442.83,4522.3,0.045,2.5,2026-01-09 08:30:00,HTF bullish | sellside_sweep @ 4445.36 | BOS LTF | entry FVG,4522.3,2026-01-11 23:00:00,249.74640000000096,5.6735999999999995,TP
buy,4588.7,4582.94,4582.94,4603.07,0.27,2.5,2026-01-12 14:15:00,HTF bullish | sellside_sweep @ 4585.88 | CHOCH LTF | entry FVG,4603.07,2026-01-12 14:30:00,380.42999999999705,7.560000000000001,TP
buy,4585.02,4581.0,4581.0,4602.25,0.39,4.28,2026-01-13 10:00:00,HTF bullish | sellside_sweep @ 4592.53 | CHOCH LTF | entry FVG,4581.0,2026-01-13 10:00:00,-167.70000000001704,10.920000000000002,SL/BE
buy,4633.87,4624.43,4624.43,4657.48,0.16,2.5,2026-01-14 13:00:00,HTF bullish | sellside_sweep @ 4627.05 | BOS LTF | entry FVG,4624.43,2026-01-14 13:30:00,-155.5199999999936,4.48,SL/BE
buy,4608.0,4579.62,4579.62,4678.96,0.05,2.5,2026-01-15 13:15:00,HTF bullish | sellside_sweep @ 4583.61 | CHOCH LTF | entry FVG,4579.62,2026-01-16 15:15:00,-145.75200000000055,3.8520000000000003,SL/BE
buy,4667.17,4667.45,4654.97,4697.67,0.03,2.5,2026-01-19 08:30:00,HTF bullish | sellside_sweep @ 4660.97 | BOS LTF | entry FVG,4685.873,2026-01-20 04:15:00,53.79779999999855,2.3112,PARTIAL
buy,4667.17,4667.45,4654.97,4697.67,0.09,2.5,2026-01-19 08:30:00,HTF bullish | sellside_sweep @ 4660.97 | BOS LTF | entry FVG,4697.67,2026-01-20 05:00:00,267.5664,6.9336,TP
buy,4707.55,4707.83,4665.56,4812.53,0.0075,2.5,2026-01-20 06:30:00,HTF bullish | sellside_sweep @ 4669.19 | CHOCH LTF | entry FVG,4763.243,2026-01-20 18:00:00,41.55975000000016,0.21000000000000002,PARTIAL
buy,4707.55,4707.83,4665.56,4812.53,0.0225,2.5,2026-01-20 06:30:00,HTF bullish | sellside_sweep @ 4669.19 | CHOCH LTF | entry FVG,4812.53,2026-01-21 01:15:00,232.264799999999,3.9402,TP
buy,4862.33,4862.61,4747.89,5148.43,0.0025,2.5,2026-01-21 06:30:00,HTF bullish | sellside_sweep @ 4752.90 | BOS LTF | entry FVG,5021.595,2026-01-25 23:00:00,39.25585000000008,0.5604,PARTIAL
buy,4862.33,4862.61,4747.89,5148.43,0.0075,2.5,2026-01-21 06:30:00,HTF bullish | sellside_sweep @ 4752.90 | BOS LTF | entry FVG,5148.43,2026-01-27 20:15:00,212.15820000000028,2.4168,TP
buy,5292.79,5293.07,5233.75,5440.4,0.005,2.5,2026-01-28 17:15:00,HTF bullish | sellside_sweep @ 5248.48 | CHOCH LTF | entry FVG,5383.415,2026-01-28 20:30:00,45.1725,0.14,PARTIAL
buy,5292.79,5293.07,5233.75,5440.4,0.015,2.5,2026-01-28 17:15:00,HTF bullish | sellside_sweep @ 5248.48 | CHOCH LTF | entry FVG,5440.4,2026-01-28 23:00:00,220.99499999999952,0.42000000000000004,TP
buy,5562.6,5443.97,5443.97,5859.18,0.01,2.5,2026-01-29 06:45:00,HTF bullish | sellside_sweep @ 5450.42 | BOS LTF | entry FVG,5443.97,2026-01-29 15:00:00,-118.91000000000011,0.28,SL/BE
buy,5235.86,5236.139999999999,5209.51,5499.36,0.015,10.0,2026-01-29 16:45:00,HTF bullish | sellside_sweep @ 5473.97 | BOS LTF | entry FVG,5296.555,2026-01-29 17:00:00,90.62250000000093,0.42000000000000004,PARTIAL
buy,5235.86,5236.139999999999,5209.51,5499.36,0.045,10.0,2026-01-29 16:45:00,HTF bullish | sellside_sweep @ 5473.97 | BOS LTF | entry FVG,5236.139999999999,2026-01-30 02:00:00,-2.206800000001146,3.4668,SL/BE
sell,4647.06,4743.73,4743.73,4405.4,0.01,2.5,2026-02-02 18:30:00,HTF bearish | buyside_sweep @ 4734.03 | CHOCH LTF | entry FVG,4743.73,2026-02-02 23:15:00,-96.94999999999916,0.28,SL/BE
sell,4924.03,4923.75,4931.94,4844.91,0.21,10.0,2026-02-03 09:45:00,HTF bearish | buyside_sweep @ 4794.41 | CHOCH LTF | entry FVG,4923.75,2026-02-03 10:00:00,-5.348610443434154e-12,5.880000000000001,SL/BE
sell,5044.23,5043.95,5092.2,4924.29,0.0075,2.5,2026-02-04 11:45:00,HTF bearish | buyside_sweep @ 5090.27 | BOS LTF | entry FVG,4957.95,2026-02-04 15:15:00,64.49999999999982,0.21000000000000002,PARTIAL
sell,5044.23,5043.95,5092.2,4924.29,0.0225,2.5,2026-02-04 11:45:00,HTF bearish | buyside_sweep @ 5090.27 | BOS LTF | entry FVG,4924.29,2026-02-04 15:30:00,269.2349999999991,0.63,TP
sell,4962.2,5070.8,5070.8,4690.68,0.0025,2.5,2026-02-04 21:30:00,HTF bearish | buyside_sweep @ 5065.41 | BOS LTF | entry FVG,4811.923,2026-02-05 02:45:00,37.49925000000001,0.07,PARTIAL
sell,4962.2,4961.92,5070.8,4690.68,0.0075,2.5,2026-02-04 21:30:00,HTF bearish | buyside_sweep @ 5065.41 | BOS LTF | entry FVG,4690.68,2026-02-06 00:00:00,203.42999999999964,0.21000000000000002,TP
buy,5059.8,5026.66,5026.66,5142.64,0.05,2.5,2026-02-11 12:30:00,HTF bullish | sellside_sweep @ 5036.99 | BOS LTF | entry FVG,5026.66,2026-02-11 13:30:00,-167.10000000000164,1.4000000000000001,SL/BE
buy,5065.54,5058.57,5058.57,5078.66,0.24,1.88,2026-02-12 06:15:00,HTF bullish | sellside_sweep @ 5076.40 | CHOCH LTF | entry FVG,5058.57,2026-02-12 06:15:00,-174.0000000000061,6.720000000000001,SL/BE
buy,5058.82,5051.14,5051.14,5078.66,0.22,2.58,2026-02-12 10:45:00,HTF bullish | sellside_sweep @ 5066.57 | CHOCH LTF | entry OB,5051.14,2026-02-12 12:45:00,-175.1199999999864,6.160000000000001,SL/BE
buy,4962.43,4962.71,4909.05,5095.88,0.0075,2.5,2026-02-13 07:00:00,HTF bullish | sellside_sweep @ 4910.94 | CHOCH LTF | entry FVG,5029.832,2026-02-13 18:30:00,50.341500000000025,0.21000000000000002,PARTIAL
buy,4962.43,4962.71,4909.05,5095.88,0.0225,2.5,2026-02-13 07:00:00,HTF bullish | sellside_sweep @ 4910.94 | CHOCH LTF | entry FVG,4962.71,2026-02-17 00:45:00,-4.413600000000573,5.0436,SL/BE
sell,4916.82,4943.82,4943.82,4849.33,0.06,2.5,2026-02-18 12:00:00,HTF bearish | buyside_sweep @ 4940.11 | BOS LTF | entry FVG,4943.82,2026-02-18 12:45:00,-163.68,1.6800000000000002,SL/BE
sell,4993.13,4999.18,4999.18,4977.99,0.27,2.5,2026-02-18 19:00:00,HTF bearish | buyside_sweep @ 4924.44 | CHOCH LTF | entry FVG,4977.99,2026-02-18 19:15:00,401.22000000000884,7.560000000000001,TP
buy,5060.4,5060.679999999999,4987.39,5242.94,0.005,2.5,2026-02-20 17:15:00,HTF bullish | sellside_sweep @ 5018.22 | BOS LTF | entry FVG,5158.617,2026-02-22 23:30:00,48.478100000000275,0.6304000000000001,PARTIAL
buy,5060.4,5060.679999999999,4987.39,5242.94,0.015,2.5,2026-02-20 17:15:00,HTF bullish | sellside_sweep @ 5018.22 | BOS LTF | entry FVG,5242.94,2026-02-23 23:00:00,271.18319999999994,2.6268,TP
buy,5154.76,5144.37,5144.37,5180.73,0.04,2.5,2026-02-24 18:30:00,HTF bullish | sellside_sweep @ 5166.32 | CHOCH LTF | entry FVG,5168.24,2026-02-24 20:15:00,52.79999999999826,1.12,PARTIAL
buy,5154.76,5155.04,5144.37,5180.73,0.12,2.5,2026-02-24 18:30:00,HTF bullish | sellside_sweep @ 5166.32 | CHOCH LTF | entry FVG,5155.04,2026-02-24 21:15:00,-3.056221942188131e-12,3.3600000000000003,SL/BE
buy,5187.63,5187.91,5126.07,5341.52,0.005,2.5,2026-02-25 07:00:00,HTF bullish | sellside_sweep @ 5130.54 | BOS LTF | entry FVG,5274.322,2026-02-27 21:30:00,42.7156,0.6304000000000001,PARTIAL
buy,5187.63,5187.91,5126.07,5341.52,0.015,2.5,2026-02-25 07:00:00,HTF bullish | sellside_sweep @ 5130.54 | BOS LTF | entry FVG,5341.52,2026-03-01 23:00:00,227.47260000000048,3.3623999999999996,TP
sell,5209.21,5208.93,5377.05,4789.61,0.01,2.5,2026-03-03 12:30:00,HTF bearish | buyside_sweep @ 5373.47 | BOS LTF | entry FVG,5208.93,2026-03-10 13:15:00,-2.546851618490109e-13,0.28,SL/BE
buy,5198.87,5155.14,5155.14,5308.21,0.04,2.5,2026-03-10 18:15:00,HTF bullish | sellside_sweep @ 5158.55 | BOS LTF | entry FVG,5155.14,2026-03-11 13:45:00,-181.92479999999824,7.0048,SL/BE
buy,5176.07,5123.88,5123.88,5306.54,0.03,2.5,2026-03-12 08:45:00,HTF bullish | sellside_sweep @ 5129.80 | CHOCH LTF | entry FVG,5123.88,2026-03-12 15:00:00,-157.4099999999988,0.8400000000000001,SL/BE
buy,5107.1,5095.0,5095.0,5137.33,0.14,2.5,2026-03-13 12:15:00,HTF bullish | sellside_sweep @ 5117.83 | CHOCH LTF | entry FVG,5095.0,2026-03-13 14:00:00,-173.32000000000508,3.9200000000000004,SL/BE
sell,5016.2,5022.39,5022.39,5000.74,0.27,2.5,2026-03-16 11:15:00,HTF bearish | buyside_sweep @ 5018.78 | CHOCH LTF | entry FVG,5022.39,2026-03-16 11:15:00,-174.69000000001378,7.560000000000001,SL/BE
sell,5002.35,5026.22,5026.22,4942.68,0.07,2.5,2026-03-16 15:30:00,HTF bearish | buyside_sweep @ 5022.69 | CHOCH LTF | entry FVG,5026.22,2026-03-17 01:45:00,-169.04999999999924,1.9600000000000002,SL/BE
sell,5009.21,5040.69,5040.69,4930.51,0.0125,2.5,2026-03-17 10:30:00,HTF bearish | buyside_sweep @ 5033.50 | CHOCH LTF | entry FVG,4967.846,2026-03-18 10:45:00,51.35500000000061,0.35000000000000003,PARTIAL
sell,5009.21,5008.93,5040.69,4930.51,0.037500000000000006,2.5,2026-03-17 10:30:00,HTF bearish | buyside_sweep @ 5033.50 | CHOCH LTF | entry FVG,4930.51,2026-03-18 11:45:00,294.07499999999936,1.0500000000000003,TP
sell,4891.55,4891.27,5017.81,4575.9,0.0025,2.5,2026-03-18 14:00:00,HTF bearish | buyside_sweep @ 5012.36 | BOS LTF | entry FVG,4727.808,2026-03-19 07:45:00,40.86550000000005,0.07,PARTIAL
sell,4891.55,4891.27,5017.81,4575.9,0.0075,2.5,2026-03-18 14:00:00,HTF bearish | buyside_sweep @ 5012.36 | BOS LTF | entry FVG,4575.9,2026-03-19 12:30:00,236.5275000000004,0.21000000000000002,TP
sell,4670.16,4705.19,4705.19,4582.58,0.01,2.5,2026-03-20 11:30:00,HTF bearish | buyside_sweep @ 4699.41 | CHOCH LTF | entry FVG,4616.291,2026-03-20 13:45:00,53.588999999999686,0.28,PARTIAL
sell,4670.16,4669.88,4705.19,4582.58,0.03,2.5,2026-03-20 11:30:00,HTF bearish | buyside_sweep @ 4699.41 | CHOCH LTF | entry FVG,4582.58,2026-03-20 14:15:00,261.89999999999975,0.8400000000000001,TP
sell,4516.33,4516.05,4694.0,4072.15,0.0025,2.5,2026-03-20 19:30:00,HTF bearish | buyside_sweep @ 4677.03 | BOS LTF | entry FVG,4243.689,2026-03-23 06:15:00,68.09024999999991,0.07,PARTIAL
sell,4516.33,4516.05,4694.0,4072.15,0.0075,2.5,2026-03-20 19:30:00,HTF bearish | buyside_sweep @ 4677.03 | BOS LTF | entry FVG,4516.05,2026-03-24 23:30:00,-1.9101387138675818e-13,0.21000000000000002,SL/BE
sell,4552.74,4552.46,4603.96,4424.69,0.0075,2.5,2026-03-25 06:30:00,HTF bearish | buyside_sweep @ 4601.10 | CHOCH LTF | entry FVG,4483.12,2026-03-26 05:30:00,52.00499999999991,0.21000000000000002,PARTIAL
sell,4552.74,4552.46,4603.96,4424.69,0.0225,2.5,2026-03-25 06:30:00,HTF bearish | buyside_sweep @ 4601.10 | CHOCH LTF | entry FVG,4424.69,2026-03-26 06:00:00,287.4825000000004,0.63,TP
sell,4450.57,4450.29,4537.06,4234.34,0.02,2.5,2026-03-26 07:15:00,HTF bearish | buyside_sweep @ 4534.67 | CHOCH LTF | entry FVG,4450.29,2026-03-27 05:30:00,-5.093703236980218e-13,0.56,SL/BE
buy,4564.16,4498.02,4498.02,4729.5,0.02,2.5,2026-03-30 13:15:00,HTF bullish | sellside_sweep @ 4499.95 | BOS LTF | entry FVG,4498.02,2026-03-30 19:00:00,-132.83999999999884,0.56,SL/BE
buy,4568.76,4541.7,4541.7,4636.41,0.015,2.5,2026-03-31 13:00:00,HTF bullish | sellside_sweep @ 4547.70 | CHOCH LTF | entry FVG,4607.412,2026-03-31 13:45:00,57.558000000000064,0.42000000000000004,PARTIAL
buy,4568.76,4569.04,4541.7,4636.41,0.045,2.5,2026-03-31 13:00:00,HTF bullish | sellside_sweep @ 4547.70 | CHOCH LTF | entry FVG,4636.41,2026-03-31 16:30:00,303.1649999999984,1.26,TP
buy,4758.16,4678.94,4678.94,4888.5,0.02,1.65,2026-04-01 18:15:00,HTF bullish | sellside_sweep @ 4681.26 | BOS LTF | entry FVG,4678.94,2026-04-02 01:30:00,-159.9808000000005,1.5408,SL/BE
buy,4657.75,4658.03,4634.82,4715.07,0.02,2.5,2026-04-06 06:15:00,HTF bullish | sellside_sweep @ 4645.68 | BOS LTF | entry FVG,4689.655,2026-04-06 08:00:00,63.24999999999949,0.56,PARTIAL
buy,4657.75,4658.03,4634.82,4715.07,0.06,2.5,2026-04-06 06:15:00,HTF bullish | sellside_sweep @ 4645.68 | BOS LTF | entry FVG,4658.03,2026-04-06 15:15:00,-1.5281109710940655e-12,1.6800000000000002,SL/BE
buy,4820.78,4665.0,4665.0,5210.21,0.01,2.5,2026-04-08 06:45:00,HTF bullish | sellside_sweep @ 4684.77 | BOS LTF | entry FVG,4665.0,2026-04-12 22:15:00,-158.02159999999975,2.2416,SL/BE
sell,4712.02,4726.48,4726.48,4675.88,0.12,2.5,2026-04-13 12:00:00,HTF bearish | buyside_sweep @ 4723.86 | BOS LTF | entry FVG,4726.48,2026-04-13 13:00:00,-176.87999999998954,3.3600000000000003,SL/BE
sell,4768.14,4773.96,4773.96,4750.69,0.31,3.0,2026-04-14 06:30:00,HTF bearish | buyside_sweep @ 4749.90 | CHOCH LTF | entry FVG,4773.96,2026-04-14 06:45:00,-189.09999999999098,8.68,SL/BE
sell,4772.38,4782.06,4782.06,4748.19,0.18,2.5,2026-04-14 11:00:00,HTF bearish | buyside_sweep @ 4773.27 | CHOCH LTF | entry FVG,4782.06,2026-04-14 11:15:00,-179.28000000000523,5.04,SL/BE
buy,4766.46,4757.73,4757.73,4788.02,0.05,2.47,2026-04-14 12:45:00,HTF bullish | sellside_sweep @ 4765.62 | CHOCH LTF | entry OB,4781.668,2026-04-14 13:00:00,74.63999999999815,1.4000000000000001,PARTIAL
buy,4766.46,4766.74,4757.73,4788.02,0.15000000000000002,2.47,2026-04-14 12:45:00,HTF bullish | sellside_sweep @ 4765.62 | CHOCH LTF | entry OB,4788.02,2026-04-14 13:15:00,319.20000000000607,4.200000000000001,TP
buy,4790.99,4777.63,4777.63,4824.39,0.0325,2.5,2026-04-17 09:45:00,HTF bullish | sellside_sweep @ 4784.42 | CHOCH LTF | entry FVG,4816.84,2026-04-17 12:15:00,83.10250000000119,0.91,PARTIAL
buy,4790.99,4791.2699999999995,4777.63,4824.39,0.0975,2.5,2026-04-17 09:45:00,HTF bullish | sellside_sweep @ 4784.42 | CHOCH LTF | entry FVG,4824.39,2026-04-17 12:30:00,322.9200000000053,2.7300000000000004,TP
sell,4791.63,4799.49,4799.49,4767.56,0.0575,3.06,2026-04-21 13:30:00,HTF bearish | buyside_sweep @ 4792.73 | CHOCH LTF | entry OB,4779.104,2026-04-21 13:45:00,70.41449999999908,1.6100000000000003,PARTIAL
sell,4791.63,4791.35,4799.49,4767.56,0.17250000000000001,3.06,2026-04-21 13:30:00,HTF bearish | buyside_sweep @ 4792.73 | CHOCH LTF | entry OB,4767.56,2026-04-21 14:30:00,410.37749999999505,4.830000000000001,TP
sell,4718.47,4791.84,4791.84,4535.03,0.005,2.5,2026-04-21 20:45:00,HTF bearish | buyside_sweep @ 4789.69 | BOS LTF | entry FVG,4624.892,2026-04-28 05:30:00,46.649000000000214,0.14,PARTIAL
sell,4718.47,4718.1900000000005,4791.84,4535.03,0.015,2.5,2026-04-21 20:45:00,HTF bearish | buyside_sweep @ 4789.69 | BOS LTF | entry FVG,4535.03,2026-04-29 13:15:00,274.74000000000075,0.42000000000000004,TP
sell,4539.58,4609.18,4609.18,4365.59,0.02,2.5,2026-04-29 14:45:00,HTF bearish | buyside_sweep @ 4604.07 | BOS LTF | entry FVG,4609.18,2026-04-30 08:00:00,-139.76000000000073,0.56,SL/BE
sell,4625.35,4625.070000000001,4634.25,4607.25,0.0525,2.03,2026-04-30 14:00:00,HTF bearish | buyside_sweep @ 4629.68 | CHOCH LTF | entry FVG,4611.742,2026-04-30 16:00:00,69.97200000000092,1.4700000000000002,PARTIAL
sell,4625.35,4625.070000000001,4634.25,4607.25,0.1575,2.03,2026-04-30 14:00:00,HTF bearish | buyside_sweep @ 4629.68 | CHOCH LTF | entry FVG,4607.25,2026-04-30 16:15:00,280.6650000000057,4.410000000000001,TP
buy,4707.44,4608.31,4608.31,4955.27,0.01,2.5,2026-05-06 11:15:00,HTF bullish | sellside_sweep @ 4611.11 | BOS LTF | entry FVG,4608.31,2026-05-15 01:00:00,-104.8043999999992,5.6744,SL/BE
sell,4545.82,4588.1,4588.1,4440.12,0.01,2.5,2026-05-19 06:15:00,HTF bearish | buyside_sweep @ 4584.35 | CHOCH LTF | entry FVG,4492.139,2026-05-19 13:15:00,53.40099999999959,0.28,PARTIAL
sell,4545.82,4545.54,4588.1,4440.12,0.03,2.5,2026-05-19 06:15:00,HTF bearish | buyside_sweep @ 4584.35 | CHOCH LTF | entry FVG,4545.54,2026-05-20 15:15:00,-7.640554855470327e-13,0.8400000000000001,SL/BE
sell,4531.06,4542.18,4542.18,4503.25,0.17,2.5,2026-05-21 08:00:00,HTF bearish | buyside_sweep @ 4538.33 | BOS LTF | entry FVG,4542.18,2026-05-21 09:15:00,-193.79999999999816,4.760000000000001,SL/BE
sell,4525.55,4535.85,4535.85,4499.8,0.18,2.5,2026-05-22 12:00:00,HTF bearish | buyside_sweep @ 4531.20 | CHOCH LTF | entry FVG,4535.85,2026-05-22 12:15:00,-190.44000000000327,5.04,SL/BE
sell,4561.04,4564.46,4564.46,4552.49,0.56,2.5,2026-05-25 06:45:00,HTF bearish | buyside_sweep @ 4506.16 | BOS LTF | entry FVG,4564.46,2026-05-25 07:00:00,-207.20000000000408,15.680000000000001,SL/BE
sell,4562.03,4567.23,4567.23,4549.03,0.36,2.5,2026-05-25 09:30:00,HTF bearish | buyside_sweep @ 4565.01 | BOS LTF | entry OB,4567.23,2026-05-25 09:45:00,-197.27999999999346,10.08,SL/BE
sell,4571.5,4577.75,4577.75,4560.0,0.3,1.84,2026-05-25 16:30:00,HTF bearish | buyside_sweep @ 4573.71 | CHOCH LTF | entry OB,4577.75,2026-05-25 17:00:00,-195.9,8.4,SL/BE
sell,4387.9,4460.39,4460.39,4206.66,0.02,2.5,2026-05-28 07:00:00,HTF bearish | buyside_sweep @ 4455.50 | CHOCH LTF | entry FVG,4460.39,2026-05-28 14:00:00,-145.54000000000138,0.56,SL/BE
sell,4557.39,4562.2,4562.2,4545.39,0.095,2.5,2026-05-29 18:00:00,HTF bearish | buyside_sweep @ 4543.42 | CHOCH LTF | entry FVG,4551.301,2026-05-29 19:30:00,55.18549999999945,2.66,PARTIAL
sell,4557.39,4557.110000000001,4562.2,4545.39,0.28500000000000003,2.5,2026-05-29 18:00:00,HTF bearish | buyside_sweep @ 4543.42 | CHOCH LTF | entry FVG,4545.39,2026-05-29 19:45:00,334.02000000000004,7.980000000000001,TP
sell,4489.36,4509.02,4509.02,4440.21,0.09,2.5,2026-06-01 17:30:00,HTF bearish | buyside_sweep @ 4506.30 | CHOCH LTF | entry FVG,4509.02,2026-06-02 04:15:00,-179.4600000000069,2.52,SL/BE
sell,4453.26,4489.74,4489.74,4362.06,0.05,2.5,2026-06-03 14:00:00,HTF bearish | buyside_sweep @ 4487.78 | CHOCH LTF | entry FVG,4489.74,2026-06-04 11:15:00,-183.79999999999782,1.4000000000000001,SL/BE
sell,4304.33,4353.86,4353.86,4180.49,0.03,2.5,2026-06-08 07:00:00,HTF bearish | buyside_sweep @ 4347.26 | CHOCH LTF | entry OB,4353.86,2026-06-09 13:45:00,-149.42999999999924,0.8400000000000001,SL/BE
sell,4300.89,4345.4,4345.4,4189.61,0.01,2.5,2026-06-09 15:00:00,HTF bearish | buyside_sweep @ 4340.83 | CHOCH LTF | entry FVG,4244.775,2026-06-09 16:30:00,55.83500000000069,0.28,PARTIAL
sell,4300.89,4300.610000000001,4345.4,4189.61,0.03,2.5,2026-06-09 15:00:00,HTF bearish | buyside_sweep @ 4340.83 | CHOCH LTF | entry FVG,4189.61,2026-06-10 01:00:00,333.000000000002,0.8400000000000001,TP
sell,4178.88,4178.6,4194.4,4140.07,0.12,2.5,2026-06-10 08:30:00,HTF bearish | buyside_sweep @ 4187.36 | CHOCH LTF | entry FVG,4178.6,2026-06-10 10:45:00,-3.056221942188131e-12,3.3600000000000003,SL/BE
sell,4201.89,4201.610000000001,4211.87,4176.94,0.045,2.5,2026-06-12 13:15:00,HTF bearish | buyside_sweep @ 4205.04 | BOS LTF | entry FVG,4186.368,2026-06-12 13:45:00,68.5889999999997,1.26,PARTIAL
sell,4201.89,4201.610000000001,4211.87,4176.94,0.135,2.5,2026-06-12 13:15:00,HTF bearish | buyside_sweep @ 4205.04 | BOS LTF | entry FVG,4201.610000000001,2026-06-12 14:45:00,-3.4381386626591848e-12,3.7800000000000007,SL/BE
buy,4301.11,4200.23,4200.23,4553.32,0.01,2.5,2026-06-15 06:30:00,HTF bullish | sellside_sweep @ 4205.25 | BOS LTF | entry FVG,4200.23,2026-06-18 23:00:00,-103.61200000000011,2.732,SL/BE
sell,4125.62,4125.34,4145.44,4076.08,0.0225,2.5,2026-06-23 19:00:00,HTF bearish | buyside_sweep @ 4141.44 | CHOCH LTF | entry FVG,4099.765,2026-06-23 23:00:00,57.54374999999901,0.63,PARTIAL
sell,4125.62,4125.34,4145.44,4076.08,0.0675,2.5,2026-06-23 19:00:00,HTF bearish | buyside_sweep @ 4141.44 | CHOCH LTF | entry FVG,4076.08,2026-06-24 01:00:00,332.50499999999977,1.8900000000000003,TP
sell,3990.88,4080.59,4080.59,3766.6,0.02,2.5,2026-06-24 18:00:00,HTF bearish | buyside_sweep @ 4070.74 | BOS LTF | entry FVG,4080.59,2026-06-26 14:00:00,-179.98000000000008,0.56,SL/BE
sell,4077.88,4077.6,4097.55,4035.74,0.0225,2.14,2026-06-26 18:00:00,HTF bearish | buyside_sweep @ 4093.10 | CHOCH LTF | entry FVG,4048.395,2026-06-29 00:15:00,65.71125000000029,0.63,PARTIAL
sell,4077.88,4077.6,4097.55,4035.74,0.0675,2.14,2026-06-26 18:00:00,HTF bearish | buyside_sweep @ 4093.10 | CHOCH LTF | entry FVG,4035.74,2026-06-29 09:45:00,282.5550000000022,1.8900000000000003,TP
buy,4023.0,4023.28,3961.69,4176.28,0.0075,2.5,2026-07-01 12:45:00,HTF bullish | sellside_sweep @ 3969.66 | CHOCH LTF | entry FVG,4100.468,2026-07-01 14:15:00,57.89099999999988,0.21000000000000002,PARTIAL
buy,4023.0,4023.28,3961.69,4176.28,0.0225,2.5,2026-07-01 12:45:00,HTF bullish | sellside_sweep @ 3969.66 | CHOCH LTF | entry FVG,4176.28,2026-07-03 01:00:00,342.04319999999944,2.8367999999999998,TP
buy,4177.82,4178.099999999999,4171.36,4193.99,0.3,2.5,2026-07-03 10:30:00,HTF bullish | sellside_sweep @ 4172.92 | CHOCH LTF | entry FVG,4178.099999999999,2026-07-03 12:00:00,-7.640110766260477e-12,8.4,SL/BE
buy,4169.57,4164.92,4164.92,4181.19,0.42,2.5,2026-07-06 02:30:00,HTF bullish | sellside_sweep @ 4168.32 | CHOCH LTF | entry FVG,4164.92,2026-07-06 03:15:00,-207.0599999999847,11.760000000000002,SL/BE
buy,4161.99,4154.11,4154.11,4203.19,0.24,5.23,2026-07-06 08:00:00,HTF bullish | sellside_sweep @ 4169.90 | CHOCH LTF | entry FVG,4154.11,2026-07-06 08:15:00,-195.84000000000262,6.720000000000001,SL/BE
buy,4141.9,4126.91,4126.91,4179.37,0.03,2.5,2026-07-06 16:00:00,HTF bullish | sellside_sweep @ 4131.50 | CHOCH LTF | entry OB,4161.14,2026-07-06 17:45:00,56.88000000000206,0.8400000000000001,PARTIAL
buy,4141.9,4142.179999999999,4126.91,4179.37,0.09,2.5,2026-07-06 16:00:00,HTF bullish | sellside_sweep @ 4131.50 | CHOCH LTF | entry OB,4142.179999999999,2026-07-07 01:00:00,-4.413600000002292,6.9336,SL/BE
buy,4133.65,4133.929999999999,4119.24,4169.67,0.0325,2.5,2026-07-07 08:30:00,HTF bullish | sellside_sweep @ 4124.30 | CHOCH LTF | entry OB,4156.533,2026-07-07 11:45:00,73.45975000000234,0.91,PARTIAL
buy,4133.65,4133.929999999999,4119.24,4169.67,0.0975,2.5,2026-07-07 08:30:00,HTF bullish | sellside_sweep @ 4124.30 | CHOCH LTF | entry OB,4169.67,2026-07-07 12:00:00,348.46500000000424,2.7300000000000004,TP
buy,4124.62,4102.33,4102.33,4180.37,0.08,2.5,2026-07-08 06:30:00,HTF bullish | sellside_sweep @ 4116.39 | BOS LTF | entry FVG,4102.33,2026-07-08 08:15:00,-180.55999999999972,2.24,SL/BE
buy,4059.36,4053.0,4053.0,4075.24,0.075,2.5,2026-07-08 12:00:00,HTF bullish | sellside_sweep @ 4119.57 | CHOCH LTF | entry FVG,4071.74,2026-07-08 12:00:00,90.74999999999741,2.1,PARTIAL
buy,4059.36,4059.6400000000003,4053.0,4075.24,0.22499999999999998,2.5,2026-07-08 12:00:00,HTF bullish | sellside_sweep @ 4119.57 | CHOCH LTF | entry FVG,4075.24,2026-07-08 12:15:00,350.99999999999216,6.3,TP
sell,4027.09,4031.48,4031.48,4016.12,0.45,2.5,2026-07-15 08:30:00,HTF bearish | buyside_sweep @ 4024.57 | BOS LTF | entry FVG,4031.48,2026-07-15 08:45:00,-210.14999999999426,12.600000000000003,SL/BE
sell,4008.95,4008.6699999999996,4044.85,3919.2,0.05,2.5,2026-07-16 15:15:00,HTF bearish | buyside_sweep @ 4038.02 | CHOCH LTF | entry FVG,4008.6699999999996,2026-07-17 15:00:00,1.000310945187266e-12,1.4000000000000001,SL/BE
sell,4014.81,4032.34,4032.34,3970.98,0.11,2.5,2026-07-20 12:30:00,HTF bearish | buyside_sweep @ 4028.86 | CHOCH LTF | entry FVG,4032.34,2026-07-21 01:15:00,-195.9100000000022,3.0800000000000005,SL/BE
sell,4063.75,4067.97,4067.97,4053.2,0.46,2.5,2026-07-21 12:15:00,HTF bearish | buyside_sweep @ 4040.76 | CHOCH LTF | entry FVG,4053.2,2026-07-21 12:30:00,472.42000000000843,12.880000000000003,TP
buy,4075.44,4075.7200000000003,4054.12,4128.75,0.0225,2.5,2026-07-21 16:15:00,HTF bullish | sellside_sweep @ 4059.07 | CHOCH LTF | entry FVG,4121.067,2026-07-22 01:00:00,98.72054999999989,3.9402,PARTIAL
buy,4075.44,4075.7200000000003,4054.12,4128.75,0.0675,2.5,2026-07-21 16:15:00,HTF bullish | sellside_sweep @ 4059.07 | CHOCH LTF | entry FVG,4128.75,2026-07-22 02:30:00,348.0218999999997,11.8206,TP
buy,4121.66,4110.99,4110.99,4148.36,0.19,2.5,2026-07-22 12:45:00,HTF bullish | sellside_sweep @ 4113.22 | BOS LTF | entry FVG,4110.99,2026-07-22 12:45:00,-208.05000000000135,5.32,SL/BE
