ticket,symbol,mode,created,direction,entry,sl,tp,lot,rr,risk_amount,reason,result,closed,close_price,profit
2322109454,XAUUSDm,live,2026-07-31T15:53:37,sell,4040.365,4046.81,4030.698,0.07,1.5,46.77,EMA20/50 down pullback + RSI 48.4,failed,2026-07-31T22:56:04,4046.81,-14.35
2322731108,XAUUSDm,live,2026-07-31T18:22:01,buy,4049.733,4045.196,4056.539,0.1,1.5,46.7,EMA20/50 up pullback + RSI 54.3,failed,2026-08-01T03:07:32,4045.196,-45.57
2328461095,XAUUSDm,live,2026-08-03T11:10:07,sell,4050.22,4054.387,4043.969,0.11,1.5,46.31,EMA20/50 down pullback + RSI 42.2,failed,2026-08-03T18:42:58,4054.387,-39.25
2328870647,XAUUSDm,live,2026-08-03T12:20:09,sell,4051.203,4056.004,4044.001,0.09,1.5,45.65,EMA20/50 down pullback + RSI 43.5,success,2026-08-03T19:40:59,4044.001,42.61
2329201240,XAUUSDm,live,2026-08-03T13:05:00,sell,4042.118,4047.857,4033.509,0.07,1.5,45.59,EMA20/50 down pullback + RSI 34.8,success,2026-08-03T20:23:20,4033.509,57.52
2329947278,XAUUSDm,live,2026-08-03T14:30:02,sell,4032.605,4039.461,4022.321,0.06,1.5,45.8,EMA20/50 down pullback + RSI 42.5,failed,2026-08-03T21:57:33,4039.461,-41.63
2330243212,XAUUSDm,live,2026-08-03T15:15:04,sell,4033.463,4039.638,4024.2,0.07,1.5,45.59,EMA20/50 down pullback + RSI 45.5,failed,2026-08-03T22:46:34,4039.638,-39.95
2330534372,XAUUSDm,live,2026-08-03T16:10:05,sell,4035.198,4040.209,4027.682,0.09,1.5,45.39,EMA20/50 down pullback + RSI 48.1,failed,2026-08-04T18:23:18,4040.209,-42.54
2335027483,XAUUSDm,live,2026-08-04T12:20:01,buy,4065.61,4058.916,4077.882,0.06,1.83,45.28,EMA20/50 up pullback + RSI 56.2,success,2026-08-04T19:35:30,4077.882,70.28
2335550999,XAUUSDm,live,2026-08-04T13:25:02,buy,4081.526,4072.976,4097.201,0.05,1.83,45.67,EMA20/50 up pullback + RSI 64.3,success,2026-08-05T00:01:18,4097.201,79.91
2342049651,XAUUSDm,live,2026-08-05T13:05:09,buy,4193.814,4185.983,4208.17,0.05,1.83,45.79,EMA20/50 up pullback + RSI 57.5,failed,2026-08-05T20:18:49,4185.983,-40.35
2342421835,XAUUSDm,live,2026-08-05T13:55:00,buy,4200.851,4191.771,4217.498,0.04,1.83,45.05,EMA20/50 up pullback + RSI 59.3,success,2026-08-05T21:05:31,4217.498,66.59
2370697405,XAUUSDm,live,2026-08-11T11:45:09,buy,4386.172,4381.263,4395.171,0.09,1.83,45.46,EMA20/50 up pullback + RSI 60.3,success,2026-08-11T19:08:49,4395.171,78.79
2371018510,XAUUSDm,live,2026-08-11T12:30:07,buy,4391.358,4385.096,4402.838,0.07,1.83,45.85,EMA20/50 up pullback + RSI 58.5,success,2026-08-11T20:45:14,4402.838,82.9
2384709851,XAUUSDm,live,2026-08-13T13:15:04,buy,4393.685,4386.425,4406.995,0.06,1.83,46.07,EMA20/50 up pullback + RSI 55.3,failed,2026-08-13T20:25:54,4386.425,-45.41
2396994305,XAUUSDm,live,2026-08-17T11:25:09,buy,4403.388,4398.62,4412.13,0.09,1.83,45.92,EMA20/50 up pullback + RSI 59.0,failed,2026-08-17T18:49:08,4398.62,-49.77
2417768213,XAUUSDm,live,2026-08-20T15:50:05,buy,4520.038,4507.929,4542.238,0.03,1.83,44.71,EMA20/50 up pullback + RSI 57.3,failed,2026-08-20T23:26:11,4507.929,-34.14
2447765980,XAUUSDm,live,2026-08-26T13:40:08,sell,4613.405,4622.621,4596.509,0.04,1.83,43.91,EMA20/50 down pullback + RSI 43.7,failed,2026-08-26T20:44:39,4623.37,-44.28
